id,geneSymbol
E9Q616_Ahnak_AHNAK nucleoprotein (desmoyokin)_S5292s _1,Ahnak
Q9QXS1-3_Plec_Isoform PLEC-1A of Plectin_S1577s _1,Plec
A6H6J9_Ankrd50_Ankyrin repeat domain 50_S177s _1,Ankrd50
Q8BTI8_Srrm2_Serine/arginine repetitive matrix protein 2_S1339s S1340s _1,Srrm2
A2A8V9_Srrm1_Serine/arginine repetitive matrix protein 1_S765s S769s _1,Srrm1
Q569Z6_Thrap3_Thyroid hormone receptor-associated protein 3_S695s _1,Thrap3
Q8K019_Bclaf1_Bcl-2-associated transcription factor 1_S758s S759s _0,Bclaf1
E9PZW8_Myo9b_Unconventional myosin-IXb_T1328t _1,Myo9b
Q924A2_Cic_Protein capicua homolog_S225s _1,Cic
H7BX26_Cep170_Centrosomal protein of 170 kDa_S1048s _0,Cep170
Q9JIX8_Acin1_Apoptotic chromatin condensation inducer in the nucleus_S468s _1,Acin1
A2A7S8-2_Kiaa1522_Isoform 2 of Uncharacterized protein KIAA1522_S667s _1,Kiaa1522
E9Q6J5_Bod1l_Biorientation of chromosomes in cell division protein 1-like 1_S2898s _0,Bod1l
Q6P5H2_Nes_Nestin_S1021s _1,Nes
A0A087WQM0_Tns1_Tensin 1_T1278t S1281s _2,Tns1
P26039_Tln1_Talin-1_S2338s _1,Tln1
Q6PGL7_Washc2_WASH complex subunit 2_S614s _0,Washc2
F8VQK5_Sash1_SAM and SH3 domain-containing protein 1_S435s _1,Sash1
E9QQ25_Speg_Striated muscle-specific serine/threonine-protein kinase_T2463t _0,Speg
P58871_Tnks1bp1_182 kDa tankyrase-1-binding protein_S1131s _1,Tnks1bp1
E9Q784_Zc3h13_Zinc finger CCCH domain-containing protein 13_S1305s _1,Zc3h13
A6X8Z5_Arhgap31_Rho GTPase-activating protein 31_T1224t _0,Arhgap31
E9QMX7_Arhgap30_Rho GTPase-activating protein 30_S816s _0,Arhgap30
B2RUG9_Apc_Adenomatosis polyposis coli_T2676t _0,Apc
Q61136_Prpf4b_Serine/threonine-protein kinase PRP4 homolog_S507s _1,Prpf4b
A0A0N4SW73_Rab11fip5_Rab11 family-interacting protein 5_S626s _1,Rab11fip5
F8VQL9_Ncor2_Nuclear receptor corepressor 2_S2216s M2221m _1,Ncor2
"B7FAU9_Flna_Filamin, alpha_S1012s _0",Flna
"Q5RIM6_Ncor1_Nuclear receptor co-repressor 1, isoform CRA_a_T1494t _1",Ncor1
P48678_Lmna_Prelamin-A/C_S423s _1,Lmna
A2ADB0_Spen_Msx2-interacting protein_S1417s _1,Spen
Q8CH77_Nav1_Neuron navigator 1_T1015t M1028m S1030s _0,Nav1
Q69Z38_Peak1_Pseudopodium-enriched atypical kinase 1_S42s _1,Peak1
A6H8H2_Dennd4c_DENN domain-containing protein 4C_T966t _1,Dennd4c
Q9ERU9_Ranbp2_E3 SUMO-protein ligase RanBP2_T2342t _0,Ranbp2
A2AAE1-2_Kiaa1109_Isoform 2 of Uncharacterized protein KIAA1109_T4017t _1,Kiaa1109
P97868_Rbbp6_E3 ubiquitin-protein ligase RBBP6_S704s _0,Rbbp6
B7ZNX6_Erbin_Erbb2ip protein_S1150s _1,Erbin
Q8BGC0_Htatsf1_HIV Tat-specific factor 1 homolog_S392s _0,Htatsf1
E9Q852_Afdn_Afadin_T1315t T1319t _0,Afdn
P20152_Vim_Vimentin_S42s _1,Vim
Q6ZQ58_Larp1_La-related protein 1_S498s _1,Larp1
G3UX48_Prrc2a_Protein PRRC2A_S1162s M1164m _1,Prrc2a
Q921G9_Tjp3_Tight junction protein 3_S195s _1,Tjp3
Q9Z0U1_Tjp2_Tight junction protein ZO-2_S948s _1,Tjp2
A2AUK5_Epb41l1_Band 4.1-like protein 1_S546s _1,Epb41l1
F2Z3U3_Raph1_Ras association (RalGDS/AF-6) and pleckstrin homology domains 1_M607m S611s _1,Raph1
Q58A65-2_Spag9_Isoform 2 of C-Jun-amino-terminal kinase-interacting protein 4_S185s _0,Spag9
Q9ESN9-4_Mapk8ip3_Isoform 1d of C-Jun-amino-terminal kinase-interacting protein 3_T275t _1,Mapk8ip3
Q8VBT6_Apobr_Apolipoprotein B receptor_S741s _1,Apobr
H3BL37_Tcof1_Treacle protein_T945t _0,Tcof1
A6H644_Ppp1r12b_MCG130490_S420s _0,Ppp1r12b
Q9DBR7_Ppp1r12a_Protein phosphatase 1 regulatory subunit 12A_S479s _0,Ppp1r12a
B1ARU4_Macf1_Microtubule-actin cross-linking factor 1_S1378s _0,Macf1
E9Q7G0_Numa1_Nuclear mitotic apparatus protein 1_S398s _1,Numa1
A0A140LJJ5_Akap13_A-kinase anchor protein 13_S2545s _0,Akap13
"Q5U4C3_Scaf1_Splicing factor, arginine/serine-rich 19_T796t _1",Scaf1
Q05D44_Eif5b_Eukaryotic translation initiation factor 5B_S108s S114s _2,Eif5b
Q5SSZ5_Tns3_Tensin-3_S801s _0,Tns3
Q64511_Top2b_DNA topoisomerase 2-beta_S1539s _1,Top2b
Q8CJF7_Ahctf1_Protein ELYS_S2142s _1,Ahctf1
A2AVJ7_Rrbp1_Ribosome-binding protein 1_S155s _1,Rrbp1
P27546_Map4_Microtubule-associated protein 4_S1046s _1,Map4
A0A286YCV9_Kif13b_Kinesin family member 13B_S1798s _1,Kif13b
Q8K4L3-3_Svil_Isoform 2 of Supervillin_S262s _0,Svil
Q6KCD5_Nipbl_Nipped-B-like protein_S350s _0,Nipbl
A2A9M4_Dock7_Dedicator of cytokinesis protein 7_S900s T907t S910s _1,Dock7
E9QMP6_Mark2_Non-specific serine/threonine protein kinase_S43s _1,Mark2
Q03141-2_Mark3_Isoform 2 of MAP/microtubule affinity-regulating kinase 3_S419s _1,Mark3
Q4VAC9_Plekhg3_Pleckstrin homology domain-containing family G member 3_S947s _1,Plekhg3
A2AIX1_Sec16a_Protein transport protein sec16_S1245s _1,Sec16a
A0A0A0MQ79_Prrc2c_Protein PRRC2C_T2632t _1,Prrc2c
E9Q309_Cep350_Centrosome-associated protein 350_S1930s _0,Cep350
P70399_Tp53bp1_TP53-binding protein 1_S1104s _1,Tp53bp1
Q80WJ7_Mtdh_Protein LYRIC_S518s _1,Mtdh
Q9R0L6_Pcm1_Pericentriolar material 1 protein_M89m M92m S93s _1,Pcm1
B9EJ86_Osbpl8_Oxysterol-binding protein-related protein 8_S89s _1,Osbpl8
E9Q0N0_Itsn1_Intersectin-1_S638s _1,Itsn1
O35601_Fyb1_FYN-binding protein 1_S28s _0,Fyb1
P83741_Wnk1_Serine/threonine-protein kinase WNK1_S1858s _1,Wnk1
Q6NXI6_Rprd2_Regulation of nuclear pre-mRNA domain-containing protein 2_S947s _1,Rprd2
Q8K327_Champ1_Chromosome alignment-maintaining phosphoprotein 1_S394s _1,Champ1
A7YY80_Epb41l3_130kDa Protein 4.1B MEF cell isoform_S751s _1,Epb41l3
Q80UE4_Epb41l2_Band 4.1-like protein 2_S596s _0,Epb41l2
A0A1L1STM2_Tbrg1_Transforming growth factor beta regulator 1_T13t _0,Tbrg1
E9QPI5_Pds5a_Sister chromatid cohesion protein PDS5 homolog A_S1274s _1,Pds5a
F8WHU5_Pds5b_Sister chromatid cohesion protein PDS5 homolog B_S1177s M1179m S1182s S1191s _0,Pds5b
"G3X9Q3_Arhgap45_Histocompatibility (Minor) HA-1, isoform CRA_a_S622s _0",Arhgap45
A0A1D5RM97_Mast3_Microtubule-associated serine/threonine-protein kinase 3_S152s _1,Mast3
E9PWV3_Rps6ka1_Ribosomal protein S6 kinase_S14s _1,Rps6ka1
E9Q1Q1_Mast2_Microtubule-associated serine/threonine-protein kinase 2_S1037s _1,Mast2
Q6PAR5_Gapvd1_GTPase-activating protein and VPS9 domain-containing protein 1_S454s M457m M465m _0,Gapvd1
Q8BGD9_Eif4b_Eukaryotic translation initiation factor 4B_S312s _0,Eif4b
"Q91VM5_Rbmxl1_RNA binding motif protein, X-linked-like-1_S329s _1",Rbmxl1
Q9ESC8_Aff4_AF4/FMR2 family member 4_S831s _1,Aff4
"Q9WV02_Rbmx_RNA-binding motif protein, X chromosome_S175s _0",Rbmx
E9PUJ6_Mycbp2_E3 ubiquitin-protein ligase MYCBP2_S3524s M3525m _1,Mycbp2
H9KV00_Son_Protein SON_T954t _1,Son
Q3UH06_Rreb1_Ras-responsive element-binding protein 1_S180s _1,Rreb1
Q4VBF8_Sipa1l1_Signal-induced proliferation-associated 1-like protein 1_S1528s _1,Sipa1l1
E9PZM7_Scaf11_SR-related CTD-associated factor 11_S1187s _1,Scaf11
Q14AX6-3_Cdk12_Isoform 3 of Cyclin-dependent kinase 12_S422s _1,Cdk12
Q69ZA1_Cdk13_Cyclin-dependent kinase 13_S396s _0,Cdk13
A0A0A0MQE8_Arhgap21_Rho GTPase-activating protein 21_S879s _1,Arhgap21
"G5E896_Edc4_Enhancer of mRNA decapping 4, isoform CRA_b_S680s _1",Edc4
"Q60591_Nfatc2_Nuclear factor of activated T-cells, cytoplasmic 2_S219s _1",Nfatc2
F8VQC9_Slc4a7_Anion exchange protein_S31s _1,Slc4a7
A0A0J9YTU3_Specc1_Cytospin-B_S838s _1,Specc1
E9QK89_Mdc1_Mediator of DNA damage checkpoint protein 1_S930s _1,Mdc1
Q80U72_Scrib_Protein scribble homolog_S1457s _1,Scrib
A2A6A1_Gpatch8_G patch domain-containing protein 8_S1013s _1,Gpatch8
Q68FM7_Arhgef11_Rho guanine nucleotide exchange factor (GEF) 11_S14s _1,Arhgef11
P97434_Mprip_Myosin phosphatase Rho-interacting protein_T671t _0,Mprip
A0A1D5RLY9_Sipa1l2_Signal-induced proliferation-associated 1-like protein 2_S1362s _0,Sipa1l2
O35691_Pnn_Pinin_T665t _1,Pnn
E9Q1P8_Irf2bp2_Interferon regulatory factor 2-binding protein 2_S443s M447m _1,Irf2bp2
P30415_Nktr_NK-tumor recognition protein_T766t _0,Nktr
Q8C3J5_Dock2_Dedicator of cytokinesis protein 2_S1669s _0,Dock2
O89032_Sh3pxd2a_SH3 and PX domain-containing protein 2A_S764s _0,Sh3pxd2a
H3BJ40_Arhgef2_Rho guanine nucleotide exchange factor 2_S148s _1,Arhgef2
Q6PNC0_Dmxl1_DmX-like protein 1_S1371s _1,Dmxl1
Q8BI84_Mia3_Transport and Golgi organization protein 1 homolog_S1745s _1,Mia3
E9Q5F9_Setd2_Histone-lysine N-methyltransferase SETD2_S753s _1,Setd2
A2AWL7_Mga_MAX gene-associated protein_S448s _1,Mga
"G5E8Q0_Lyst_Lysosomal trafficking regulator, isoform CRA_a_S2253s _1",Lyst
Q9JM96_Cdc42ep4_Cdc42 effector protein 4_S139s _0,Cdc42ep4
Q61233_Lcp1_Plastin-2_Y300y _0,Lcp1
Q61037-6_Tsc2_Isoform E of Tuberin_S1326s _1,Tsc2
Q5SV85_Synrg_Synergin gamma_S974s _1,Synrg
Q6P9Q6_Fkbp15_FK506-binding protein 15_S722s _1,Fkbp15
Q8K310_Matr3_Matrin-3_S706s _0,Matr3
Q8VDZ4_Zdhhc5_Palmitoyltransferase ZDHHC5_S694s _0,Zdhhc5
Q3ZB57_Gab2_GRB2-associated-binding protein 2_T280t T284t _0,Gab2
D3Z0X5_Phldb1_Pleckstrin homology-like domain family B member 1_S541s _1,Phldb1
G3UWG2_Tiam1_T-cell lymphoma invasion and metastasis 1_S33s _1,Tiam1
P55200_Kmt2a_Histone-lysine N-methyltransferase 2A_S181s _0,Kmt2a
A0A0N4SVL0_Eif4g3_Eukaryotic translation initiation factor 4 gamma 3_S882s _1,Eif4g3
E9PVC5_Eif4g1_Eukaryotic translation initiation factor 4 gamma 1_S1225s _1,Eif4g1
A0A1B0GRJ0_Rab11fip1_Rab11 family-interacting protein 1_S383s _1,Rab11fip1
"G3UW57_Rab11fip2_RAB11 family interacting protein 2 (Class I), isoform CRA_a_S246s _1",Rab11fip2
Q501J7_Phactr4_Phosphatase and actin regulator 4_S152s _0,Phactr4
B2RXC2_Itpkb_Kinase_S247s _1,Itpkb
A2AFQ0_Huwe1_E3 ubiquitin-protein ligase HUWE1_Y3143y _1,Huwe1
E9Q2I4_Elmsan1_ELM2 and Myb/SANT-like domain-containing 1_T647t S653s _1,Elmsan1
P26645_Marcks_Myristoylated alanine-rich C-kinase substrate_T143t _0,Marcks
P81122_Irs2_Insulin receptor substrate 2_S1163s _1,Irs2
Q920B0_Frmd4b_FERM domain-containing protein 4B_T667t _0,Frmd4b
Q8C8U0_Ppfibp1_Liprin-beta-1_S403s _0,Ppfibp1
Q80TJ7_Phf8_Histone lysine demethylase PHF8_S987s _0,Phf8
Q9WTU0_Phf2_Lysine-specific demethylase PHF2_S1057s _1,Phf2
Q8VI59_Pcnx3_Pecanex-like protein 3_T129t _0,Pcnx3
A0A0A0MQ98_Jmjd1c_Probable JmjC domain-containing histone demethylation protein 2C_S316s _1,Jmjd1c
Q925J9_Med1_Mediator of RNA polymerase II transcription subunit 1_S1403s _1,Med1
Q80X50_Ubap2l_Ubiquitin-associated protein 2-like_S625s _1,Ubap2l
Q9EQ32_Pik3ap1_Phosphoinositide 3-kinase adapter protein 1_S592s _0,Pik3ap1
Q61165_Slc9a1_Sodium/hydrogen exchanger 1_S801s _1,Slc9a1
Q8C9B9_Dido1_Death-inducer obliterator 1_S1336s _1,Dido1
Q7TPV4_Mybbp1a_Myb-binding protein 1A_S1280s _1,Mybbp1a
Q8VHK1_Caskin2_Caskin-2_S778s _1,Caskin2
O54988_Slk_STE20-like serine/threonine-protein kinase_S777s _1,Slk
E9Q4F7_Ankrd11_Ankyrin repeat domain-containing protein 11_S1777s _1,Ankrd11
P51125-3_Cast_Isoform 3 of Calpastatin_S83s _1,Cast
Q8BQ30_Ppp1r18_Phostensin_S234s _1,Ppp1r18
Q61084_Map3k3_Mitogen-activated protein kinase kinase kinase 3_S337s _1,Map3k3
E9Q6L0_Clasp1_CLIP-associating protein 1_S734s _1,Clasp1
B1ATR2_Tex2_Testis-expressed protein 2_S733s _1,Tex2
E9Q8Z6_Ctnnd1_Catenin delta-1_S268s _0,Ctnnd1
"Q69ZL1_Fgd6_FYVE, RhoGEF and PH domain-containing protein 6_S1262s _1",Fgd6
"Q9QWY8_Asap1_Arf-GAP with SH3 domain, ANK repeat and PH domain-containing protein 1_S858s _1",Asap1
A0A0A6YY67_Camsap2_Calmodulin-regulated spectrin-associated protein 2_S1302s _1,Camsap2
Q3UZA1-2_Rcsd1_Isoform 2 of CapZ-interacting protein_S105s _1,Rcsd1
Q8R3Y8_Irf2bp1_Interferon regulatory factor 2-binding protein 1_S186s _1,Irf2bp1
Q8BHL3_Tbc1d10b_TBC1 domain family member 10B_S129s _1,Tbc1d10b
"Q61029_Tmpo_Lamina-associated polypeptide 2, isoforms beta/delta/epsilon/gamma_T278t _0",Tmpo
Q0VBL3_Rbm15_RNA-binding motif protein 15_S686s _1,Rbm15
Q9EQN3_Tsc22d4_TSC22 domain family protein 4_S258s _0,Tsc22d4
A2AJI0_Map7d1_MAP7 domain-containing protein 1_S401s _1,Map7d1
Q9ESL4_Map3k20_Mitogen-activated protein kinase kinase kinase 20_S649s _1,Map3k20
Q8K2Q9_Shtn1_Shootin-1_T487t _1,Shtn1
A2AN08_Ubr4_E3 ubiquitin-protein ligase UBR4_S2741s _0,Ubr4
P43275_Hist1h1a_Histone H1.1_S106s _1,Hist1h1a
H3BIZ7_Frmd4a_FERM domain-containing protein 4A_S869s _1,Frmd4a
P28867-2_Prkcd_Isoform 2 of Protein kinase C delta type_S307s _1,Prkcd
"Q9ES52_Inpp5d_Phosphatidylinositol 3,4,5-trisphosphate 5-phosphatase 1_S935s _1",Inpp5d
Q91Z96_Bmp2k_BMP-2-inducible protein kinase_T644t _1,Bmp2k
E9PUF7_Arhgef1_Rho guanine nucleotide exchange factor 1_T750t _1,Arhgef1
A0A1W2P711_Mia2_Melanoma inhibitory activity protein 2_T1135t _0,Mia2
E9QNY8_Sacs_Sacsin_S4384s _0,Sacs
Q9ESK9_Rb1cc1_RB1-inducible coiled-coil protein 1_S643s _0,Rb1cc1
E9QM99_Dock10_Dedicator of cytokinesis protein 10_S1257s _0,Dock10
Q6A0D4_Rftn1_Raftlin_S488s _1,Rftn1
Q0VAW6_8030462N17Rik_RIKEN cDNA 8030462N17 gene_S145s _0,8030462N17Rik
A0A1W2P712_Ralgapa1_Ral GTPase-activating protein subunit alpha-1_Q731q S733s S739s _0,Ralgapa1
A0A0A6YWM8_Map4k4_Mitogen-activated protein kinase kinase kinase kinase 4_S607s _1,Map4k4
G3X9G2_Mink1_Misshapen-like kinase 1_S783s _1,Mink1
B0V2M3_Zfp318_Zinc finger protein 318_S246s _1,Zfp318
Q80WC3_Tnrc18_Trinucleotide repeat-containing gene 18 protein_M2402m S2403s _1,Tnrc18
E9QP49_Ehbp1l1_EH domain-binding protein 1-like protein 1_T448t _1,Ehbp1l1
Q05860-5_Fmn1_Isoform 5 of Formin-1_S457s S461s _2,Fmn1
E9Q3G8_Nup153_Nucleoporin 153_S520s _1,Nup153
O35711_Ppfibp2_Liprin-beta-2_S328s _1,Ppfibp2
Q3UHJ0_Aak1_AP2-associated protein kinase 1_S20s _0,Aak1
P59672_Anks1a_Ankyrin repeat and SAM domain-containing protein 1A_M691m S693s _0,Anks1a
Q8BKC8-2_Pi4kb_Isoform 2 of Phosphatidylinositol 4-kinase beta_S496s _1,Pi4kb
Q9CWK8_Snx2_Sorting nexin-2_T229t _0,Snx2
O54916_Reps1_RalBP1-associated Eps domain-containing protein 1_S708s _1,Reps1
Q80VW7_Akna_AT-hook-containing transcription factor_S825s M832m _1,Akna
Q3UZ39_Lrrfip1_Leucine-rich repeat flightless-interacting protein 1_S547s _1,Lrrfip1
"Q6XZL8_Dot1l_Histone-lysine N-methyltransferase, H3 lysine-79 specific_S784s _1",Dot1l
B0V2P5_Dmxl2_DmX-like protein 2_S2639s _0,Dmxl2
D3Z4U0_Zranb2_Zinc finger Ran-binding domain-containing protein 2_S280s _0,Zranb2
Q921T2_Tor1aip1_Torsin-1A-interacting protein 1_S255s _1,Tor1aip1
P35831_Ptpn12_Tyrosine-protein phosphatase non-receptor type 12_S475s _0,Ptpn12
A2RSJ4_Uhrf1bp1l_UHRF1-binding protein 1-like_S418s _1,Uhrf1bp1l
Q0VF62_Bcas3_Bcas3 protein_T810t _0,Bcas3
A0A1Y7VME9_Kidins220_Kinase D-interacting substrate 220_T1675t _0,Kidins220
A0A171EBL2_Rnf213_E3 ubiquitin-protein ligase RNF213_S2500s _1,Rnf213
A2A841_Epb41_Protein 4.1_S689s _1,Epb41
G3X9Z4_Pcf11_Cleavage and polyadenylation factor subunit homolog (S. cerevisiae)_T785t _1,Pcf11
Q9ERG0_Lima1_LIM domain and actin-binding protein 1_S367s _1,Lima1
E9QKK4_Glcci1_Glucocorticoid-induced transcript 1 protein_T341t _1,Glcci1
Q61937_Npm1_Nucleophosmin_S258s _1,Npm1
P13864_Dnmt1_DNA (cytosine-5)-methyltransferase 1_S142s _0,Dnmt1
"Q62261_Sptbn1_Spectrin beta chain, non-erythrocytic 1_S2340s _0",Sptbn1
B2RUJ5_Apba1_Amyloid-beta A4 precursor protein-binding family A member 1_S87s _0,Apba1
Q6P5B5_Fxr2_Fragile X mental retardation syndrome-related protein 2_S477s _1,Fxr2
E9Q8N5_Clasp2_CLIP-associating protein 2_S461s _1,Clasp2
F8WJ40_Kmt2b_Histone-lysine N-methyltransferase_S720s _0,Kmt2b
E9PUA3_Iqsec1_IQ motif and SEC7 domain-containing protein 1_S165s _1,Iqsec1
Q6PGG2_Gmip_GEM-interacting protein_S247s _1,Gmip
D3Z194_Osbpl3_Oxysterol-binding protein_M364m S371s _0,Osbpl3
B2RUJ6_Rapgef6_Rap guanine nucleotide exchange factor (GEF) 6_S1211s _0,Rapgef6
F6YRW4_Kdm2a_F-box and leucine-rich repeat protein 11_S558s _0,Kdm2a
Q8BYW1_Arhgap25_Rho GTPase-activating protein 25_S509s _0,Arhgap25
Q9Z0H8_Clip2_CAP-Gly domain-containing linker protein 2_S295s _0,Clip2
A0A140T8I9_Pi4ka_Phosphatidylinositol 4-kinase alpha_S198s _1,Pi4ka
B2RSU6_Cgnl1_Cingulin-like 1_S199s S203s _2,Cgnl1
A0A1D5RLV7_Wdfy3_WD repeat and FYVE domain-containing protein 3_S970s _0,Wdfy3
P14733_Lmnb1_Lamin-B1_T21t S24s _2,Lmnb1
P21619_Lmnb2_Lamin-B2_S435s _0,Lmnb2
P52480_Pkm_Pyruvate kinase PKM_S406s _0,Pkm
D3Z5N5_Pikfyve_1-phosphatidylinositol 3-phosphate 5-kinase_S1708s _1,Pikfyve
Q0KL02_Trio_Triple functional domain protein_S2420s _1,Trio
A0A0N5E9G7_Rfc1_Replication factor C subunit 1_S363s _1,Rfc1
A0A0N4SV80_Zfp638_Zinc finger protein 638_S128s _1,Zfp638
H3BK65_Eps15_Epidermal growth factor receptor substrate 15_T815t _1,Eps15
Q3URZ6_Ahnak2_AHNAK nucleoprotein 2_S467s _1,Ahnak2
Q8BLR5_Psd4_PH and SEC7 domain-containing protein 4_S866s _1,Psd4
Q8BJ05_Zc3h14_Zinc finger CCCH domain-containing protein 14_S390s _0,Zc3h14
Q9EP71_Rai14_Ankycorbin_T297t _0,Rai14
E9Q0V6_Nhsl2_NHS-like protein 2_S575s _1,Nhsl2
A2A5R2_Arfgef2_Brefeldin A-inhibited guanine nucleotide-exchange protein 2_S1022s _1,Arfgef2
A2A468_Ncoa3_Nuclear receptor coactivator 3_S686s _1,Ncoa3
A2A884_Hivep3_Transcription factor HIVEP3_S2036s _1,Hivep3
B2RQG2_Phf3_PHD finger protein 3_S1882s _1,Phf3
Q3V1Z0_Rusc2_Iporin_S549s _0,Rusc2
P13405_Rb1_Retinoblastoma-associated protein_T814t _1,Rb1
"D3Z6Z7_Rasal3_MCG125477, isoform CRA_a_S794s _1",Rasal3
"A2A7B5_Prdm2_PR domain-containing 2, with ZNF domain_S777s _1",Prdm2
A2AGQ2_Madd_MAP kinase-activating death domain protein_S1019s _0,Madd
Q80TA6_Mtmr12_Myotubularin-related protein 12_S601s _1,Mtmr12
Q9JMH9_Myo18a_Unconventional myosin-XVIIIa_S983s _1,Myo18a
Q9QYB5_Add3_Gamma-adducin_S677s _1,Add3
Q9QYC0_Add1_Alpha-adducin_S12s _0,Add1
Q9JLQ0_Cd2ap_CD2-associated protein_S510s _1,Cd2ap
A2ASY0_Taf3_Transcription initiation factor TFIID subunit 3_S516s _1,Taf3
"A0A0R4J0X8_Arhgef7_Rho guanine nucleotide exchange factor (GEF7), isoform CRA_a_S516s _1",Arhgef7
F8VQ72_Map3k1_Mitogen-activated protein kinase kinase kinase 1_S1007s _1,Map3k1
G5E8J4_Ptpn21_Tyrosine-protein phosphatase non-receptor type_S658s _1,Ptpn21
A2A654_Bptf_Bromodomain PHD finger transcription factor_Q1310q S1312s _1,Bptf
B9EIX2_Cep170b_AW555464 protein_S510s _0,Cep170b
Q4QRL3_Ccdc88b_Coiled-coil domain-containing protein 88B_S441s _0,Ccdc88b
B1APX2_5031439G07Rik_RIKEN cDNA 5031439G07 gene_S33s _1,5031439G07Rik
Q8BKX1-2_Baiap2_Isoform 2 of Brain-specific angiogenesis inhibitor 1-associated protein 2_T456t _0,Baiap2
P55194_Sh3bp1_SH3 domain-binding protein 1_S632s _1,Sh3bp1
"A2A482_Zmynd8_Zinc finger, MYND-type-containing 8_S524s _1",Zmynd8
Q80X80_C2cd2l_Phospholipid transfer protein C2CD2L_S470s _0,C2cd2l
G5E884_Pak1_Serine/threonine-protein kinase PAK 1_T211t _1,Pak1
E9PUA2_Zcchc6_Terminal uridylyltransferase 7_S132s _1,Zcchc6
A0A0A6YWG7_Rapgef2_Rap guanine nucleotide exchange factor 2_S1227s _1,Rapgef2
P49710_Hcls1_Hematopoietic lineage cell-specific protein_S333s _1,Hcls1
Q8R550-2_Sh3kbp1_Isoform 2 of SH3 domain-containing kinase-binding protein 1_S586s _0,Sh3kbp1
D6REV1_Asxl2_Putative Polycomb group protein ASXL2_S1254s _0,Asxl2
A0A0H2UH28_Mef2c_Myocyte-specific enhancer factor 2C_S470s _1,Mef2c
Q60929-3_Mef2a_Isoform 3 of Myocyte-specific enhancer factor 2A_S464s _1,Mef2a
E9Q8I9_Fry_Protein furry homolog_S1991s _1,Fry
F8VQ05_Fryl_FRY-like transcription coactivator_S1537s S1540s _0,Fryl
Q8BVK9_Sp110_Sp110 nuclear body protein_S277s _1,Sp110
P42128_Foxk1_Forkhead box protein K1_S431s _1,Foxk1
A0A087WNL7_Srcap_Snf2-related CREBBP activator protein_S2710s _1,Srcap
D3Z2E7_Ifi207_Interferon-activated gene 207_T106t _1,Ifi207
P0DOV2_Ifi204_Interferon-activable protein 204_T145t _0,Ifi204
P18760_Cfl1_Cofilin-1_T25t _1,Cfl1
A0A0A0MQ95_Arhgap12_Rho GTPase-activating protein 12_S163s _1,Arhgap12
Q3UQ44_Iqgap2_Ras GTPase-activating-like protein IQGAP2_T582t _1,Iqgap2
Q04690_Nf1_Neurofibromin_S2601s _0,Nf1
D3Z1N4_Pbrm1_Protein polybromo-1_S498s M499m _1,Pbrm1
F8WHT3_Prrc2b_Protein PRRC2B_S555s _1,Prrc2b
Q9WTK5_Nfkb2_Nuclear factor NF-kappa-B p100 subunit_S871s _1,Nfkb2
A0A087WNP6_Cdv3_Protein CDV3_S95s _1,Cdv3
Q80TZ9_Rere_Arginine-glutamic acid dipeptide repeats protein_S580s _1,Rere
F6UND7_Hck_Tyrosine-protein kinase_S179s _1,Hck
Q9EST3_Eif4enif1_Eukaryotic translation initiation factor 4E transporter_S137s _1,Eif4enif1
H3BKM2_Zc3hc1_Nuclear-interacting partner of ALK_S316s _0,Zc3hc1
A0A0U1RPL0_Atxn2l_Ataxin-2-like protein_S447s _1,Atxn2l
Q61191_Hcfc1_Host cell factor 1_S598s _1,Hcfc1
Q78WZ7_Twistnb_DNA-directed RNA polymerase I subunit RPA43_S325s _1,Twistnb
Q9Z204_Hnrnpc_Heterogeneous nuclear ribonucleoproteins C1/C2_S138s _1,Hnrnpc
G3UXH4_Pkn2_Serine/threonine-protein kinase N2_T124t _0,Pkn2
Q8VBW5_Bbx_HMG box transcription factor BBX_S159s _1,Bbx
A2AF47_Dock11_Dedicator of cytokinesis protein 11_S31s _1,Dock11
A2A690_Tanc2_Protein TANC2_S1462s _0,Tanc2
Q6A0A2_Larp4b_La-related protein 4B_S739s _1,Larp4b
Q6QI06_Rictor_Rapamycin-insensitive companion of mTOR_S1384s _1,Rictor
"Q6P549_Inppl1_Phosphatidylinositol 3,4,5-trisphosphate 5-phosphatase 2_S1166s _1",Inppl1
Q8K382_Dennd1a_DENN domain-containing protein 1A_S608s _1,Dennd1a
Q99LJ0_Cttnbp2nl_CTTNBP2 N-terminal-like protein_T596t _0,Cttnbp2nl
Q8BHZ4_Znf592_Zinc finger protein 592_S529s M536m _1,Znf592
Q5F258_Git1_ARF GTPase-activating protein GIT1_S596s _0,Git1
Q3TSG4_Alkbh5_RNA demethylase ALKBH5_S362s _1,Alkbh5
Q3THK3_Gtf2f1_General transcription factor IIF subunit 1_T389t _1,Gtf2f1
Q91YE7_Rbm5_RNA-binding protein 5_S18s _1,Rbm5
E0CX53_Tbc1d4_TBC1 domain family member 4_S595s _1,Tbc1d4
A2AQD6_Ssfa2_Sperm-specific antigen 2 homolog_S738s _0,Ssfa2
P04627_Araf_Serine/threonine-protein kinase A-Raf_S255s _1,Araf
Q5SNZ0_Ccdc88a_Girdin_S1677s _1,Ccdc88a
Q8BI72_Cdkn2aip_CDKN2A-interacting protein_S234s _1,Cdkn2aip
B1AZI6_Thoc2_THO complex subunit 2_S1393s _1,Thoc2
P70268_Pkn1_Serine/threonine-protein kinase N1_S377s _1,Pkn1
Q4KMM3_Oxr1_Oxidation resistance protein 1_T203t _0,Oxr1
Q9EP53_Tsc1_Hamartin_S1074s _0,Tsc1
Q8CI08-2_Slain2_Isoform 2 of SLAIN motif-containing protein 2_S414s _1,Slain2
E9PZP8_Herc1_HECT and RLD domain-containing E3 ubiquitin protein ligase family member 1_S1410s _0,Herc1
Q99KG5_Lsr_Lipolysis-stimulated lipoprotein receptor_S407s _1,Lsr
F8WI37_Kmt2c_Histone-lysine N-methyltransferase_S4261s _1,Kmt2c
Q68FD7_Fnip1_Folliculin-interacting protein 1_S593s _1,Fnip1
D3YZ62_Myo5a_Unconventional myosin-Va_S1625s _1,Myo5a
F8VQH0_Abl2_Tyrosine-protein kinase_S936s _1,Abl2
P00520-4_Abl1_Isoform IV of Tyrosine-protein kinase ABL1_S842s _0,Abl1
E9PYT0_Arhgap5_Rho GTPase-activating protein 5_S1177s _1,Arhgap5
Q80WQ6_Rhbdf2_Inactive rhomboid protein 2_S83s _1,Rhbdf2
Q5UAK0_Mier1_Mesoderm induction early response protein 1_S491s _0,Mier1
Q8VDP4_Ccar2_Cell cycle and apoptosis regulator protein 2_S124s _1,Ccar2
Q64012-2_Raly_Isoform 1 of RNA-binding protein Raly_T106t _1,Raly
P70452_Stx4_Syntaxin-4_S247s _1,Stx4
B2RXQ2_Ppfia1_Ppfia1 protein_S690s _0,Ppfia1
B2RY04_Dock5_Dedicator of cytokinesis protein 5_S1765s _1,Dock5
Q60949_Tbc1d1_TBC1 domain family member 1_S540s _1,Tbc1d1
Q7TSG2_Ctdp1_RNA polymerase II subunit A C-terminal domain phosphatase_S847s _1,Ctdp1
B2KF50_Uhrf1bp1_UHRF1 (ICBP90)-binding protein 1_S980s _1,Uhrf1bp1
D3Z5I6_Iqsec2_IQ motif and SEC7 domain-containing protein 2_S393s _1,Iqsec2
A2ACV6_Soga1_Protein SOGA1_S1454s _1,Soga1
A0A1B0GT92_Gys1_Glycogen [starch] synthase_S647s _0,Gys1
A6H619_Phrf1_PHD and RING finger domain-containing protein 1_S867s _1,Phrf1
A0A0R4J1H6_Golga3_Golgin subfamily A member 3_S939s _1,Golga3
Q920I9_Wdr7_WD repeat-containing protein 7_S935s _1,Wdr7
A0A1B0GR85_2900026A02Rik_RIKEN cDNA 2900026A02 gene_S600s _1,2900026A02Rik
Q8JZP9_Gas2l1_GAS2-like protein 1_S306s _0,Gas2l1
A2AB59_Arhgap27_Rho GTPase-activating protein 27_S632s S636s _1,Arhgap27
E9PUR0_Ankhd1_Ankyrin repeat and KH domain-containing 1_S806s _1,Ankhd1
Q8VDV3_Rab3il1_Guanine nucleotide exchange factor for Rab-3A_S180s _1,Rab3il1
Q9D0E1_Hnrnpm_Heterogeneous nuclear ribonucleoprotein M_S445s _1,Hnrnpm
Q8R0G9_Nup133_Nuclear pore complex protein Nup133_T28t _0,Nup133
Q3UMB5_Smcr8_Guanine nucleotide exchange protein SMCR8_S420s _1,Smcr8
Q9EPQ8_Tcf20_Transcription factor 20_S1287s _1,Tcf20
O35954_Pitpnm1_Membrane-associated phosphatidylinositol transfer protein 1_S310s _1,Pitpnm1
A2AAY5_Sh3pxd2b_SH3 and PX domain-containing protein 2B_S551s M557m M561m _0,Sh3pxd2b
Q8C078-2_Camkk2_Isoform 2 of Calcium/calmodulin-dependent protein kinase kinase 2_S511s _1,Camkk2
Q3U3E2_Fam117b_Protein FAM117B_S268s _0,Fam117b
F8WIE5_Hectd1_E3 ubiquitin-protein ligase HECTD1_S357s _1,Hectd1
A0A0A0MQE5_Camsap1_Calmodulin-regulated spectrin-associated protein 1_S1069s _1,Camsap1
E9Q774_Akap11_A kinase (PRKA) anchor protein 11_S244s _1,Akap11
Q91WG5_Prkag2_5'-AMP-activated protein kinase subunit gamma-2_S113s _1,Prkag2
"Q3TZR9_Atf7_Activating transcription factor 7, isoform CRA_a_T326t _1",Atf7
Q9JLV1_Bag3_BAG family molecular chaperone regulator 3_S360s _1,Bag3
A0A0N4SVC2_Tra2a_Transformer-2 protein homolog alpha_S236s _1,Tra2a
D3Z5N2_Stmn1_Stathmin_S4s _0,Stmn1
Q61026_Ncoa2_Nuclear receptor coactivator 2_M559m S565s M569m _1,Ncoa2
Q9R0U0_Srsf10_Serine/arginine-rich splicing factor 10_S201s _1,Srsf10
A2AS45_Pkp4_Plakophilin-4_S313s _0,Pkp4
Q8K212_Pacs1_Phosphofurin acidic cluster sorting protein 1_S493s _1,Pacs1
"A2AB60_Fmnl1_Formin-like 1, isoform CRA_c_S210s _0",Fmnl1
E9PVX6_Mki67_Proliferation marker protein Ki-67_T1664t _1,Mki67
B1ATI9_Gas7_Growth arrest-specific protein 7_S99s _0,Gas7
Q3UH60_Dip2b_Disco-interacting protein 2 homolog B_S53s _0,Dip2b
D3YXZ3_Klc2_Kinesin light chain 2_S610s _1,Klc2
A0A286YDB3_Tbc1d5_TBC1 domain family member 5_S546s _0,Tbc1d5
Q91VW5_Golga4_Golgin subfamily A member 4_S172s _1,Golga4
"B2RT41_Zfc3h1_Zinc finger, C3H1-type-containing_S356s _0",Zfc3h1
"G3X932_Arhgap39_DNA segment, Chr 15, Wayne State University 169, expressed, isoform CRA_a_S599s _1",Arhgap39
Q3UHQ6_Dopey2_Protein dopey-2_S715s S719s _0,Dopey2
P25206_Mcm3_DNA replication licensing factor MCM3_S160s _1,Mcm3
A0A0A0MQD7_Ralgapa2_Ral GTPase-activating protein subunit alpha-2_T715t _1,Ralgapa2
Q80U93_Nup214_Nuclear pore complex protein Nup214_S639s _0,Nup214
A0A1W2P6X9_Baz2a_Bromodomain adjacent to zinc finger domain protein 2A_T721t _1,Baz2a
Q3TUF7_Yeats2_YEATS domain-containing protein 2_T477t _1,Yeats2
Q3U1T9_Dennd1b_DENN domain-containing protein 1B_S571s _1,Dennd1b
Q9DC04_Rgs3_Regulator of G-protein signaling 3_S812s _1,Rgs3
P23949_Zfp36l2_mRNA decay activator protein ZFP36L2_S147s _0,Zfp36l2
P23950_Zfp36l1_mRNA decay activator protein ZFP36L1_S54s _1,Zfp36l1
Q09XV5_Chd8_Chromodomain-helicase-DNA-binding protein 8_S2040s _0,Chd8
P19426_Nelfe_Negative elongation factor E_S115s _1,Nelfe
Q80TF6_Stard9_StAR-related lipid transfer protein 9_S2228s _1,Stard9
Q6ZPS6_Ankib1_Ankyrin repeat and IBR domain-containing protein 1_S827s _0,Ankib1
A0A286YDA2_Nolc1_Nucleolar and coiled-body phosphoprotein 1_S689s _0,Nolc1
Q9WVH4_Foxo3_Forkhead box protein O3_S252s _1,Foxo3
E9Q7F2_Rnf169_E3 ubiquitin-protein ligase RNF169_T306t _1,Rnf169
F8VQ28_Pxn_Paxillin_M134m S137s _0,Pxn
Q80Z37_Topors_E3 ubiquitin-protein ligase Topors_S196s _0,Topors
A2AI57_Trpm7_Transient receptor potential cation channel subfamily M member 7_T555t _0,Trpm7
E9PXI0_Vav1_Proto-oncogene vav_S158s _1,Vav1
D3Z197_Nsd3_Histone-lysine N-methyltransferase_S467s _0,Nsd3
P09405_Ncl_Nucleolin_T307t _0,Ncl
Q3U1F9_Pag1_Phosphoprotein associated with glycosphingolipid-enriched microdomains 1_S226s _1,Pag1
Q3UGY8_Arfgef3_Brefeldin A-inhibited guanine nucleotide-exchange protein 3_S2072s _1,Arfgef3
Q62245_Sos1_Son of sevenless homolog 1_S1215s _0,Sos1
F8VQ93_Phip_PH-interacting protein_S679s _1,Phip
Q5PPR2_Exoc1_Exocyst complex component 1_S551s _0,Exoc1
Q5I1X5_Ppp1r13l_RelA-associated inhibitor_T340t _1,Ppp1r13l
G3UX50_Daxx_Death domain-associated protein 6_T486t _1,Daxx
D3Z2Q2_Stxbp5_Syntaxin-binding protein 5_S713s _1,Stxbp5
E9Q026_C2cd5_C2 domain-containing protein 5_S307s _0,C2cd5
P09581_Csf1r_Macrophage colony-stimulating factor 1 receptor_Y559y _1,Csf1r
O54774_Ap3d1_AP-3 complex subunit delta-1_S686s _1,Ap3d1
Q8CG29_Myo1f_Myosin IF_S966s _1,Myo1f
B7ZCU0_Abi1_Abl interactor 1_T196t _1,Abi1
G5E8S0_Phf14_PHD finger protein 14_S828s _1,Phf14
Q6NV83_U2surp_U2 snRNP-associated SURP motif-containing protein_S244s _1,U2surp
G5E8A0_Osbpl11_Oxysterol-binding protein_S192s _1,Osbpl11
P17095_Hmga1_High mobility group protein HMG-I/HMG-Y_S36s _0,Hmga1
Q8CI51_Pdlim5_PDZ and LIM domain protein 5_S111s _0,Pdlim5
"Q4LDD4_Arap1_Arf-GAP with Rho-GAP domain, ANK repeat and PH domain-containing protein 1_S740s _1",Arap1
Q9CZ44_Nsfl1c_NSFL1 cofactor p47_S74s _0,Nsfl1c
Q8CCJ3_Ufl1_E3 UFM1-protein ligase 1_S431s _1,Ufl1
B1AXI9_Cep131_5-azacytidine induced gene 1_S114s _1,Cep131
Q61216_Mre11_Double-strand break repair protein MRE11_S676s _0,Mre11
Q8CI71_Vps50_Syndetin_S15s _1,Vps50
E9QM77_Atxn2_Ataxin-2_S727s _1,Atxn2
O35326_Srsf5_Serine/arginine-rich splicing factor 5_S90s _1,Srsf5
Q3TWW8_Srsf6_Serine/arginine-rich splicing factor 6_S118s _1,Srsf6
A0A1Y7VNC5_Nin_Ninein_S269s _1,Nin
L7N451_Gvin1_Interferon-induced very large GTPase 1_Q849q S851s _1,Gvin1
Q5EBP8_Hnrnpa1_Heterogeneous nuclear ribonucleoprotein A1_S199s _1,Hnrnpa1
"Q3TNB8_Fgd3_FYVE, RhoGEF and PH domain containing 3, isoform CRA_b_S442s _1",Fgd3
Q9JLN9_Mtor_Serine/threonine-protein kinase mTOR_S2450s _0,Mtor
A2AWS5_Hdac5_Histone deacetylase_S653s M660m _0,Hdac5
Q6NZM9_Hdac4_Histone deacetylase 4_S465s _1,Hdac4
B9EKS2_Kdm3b_Jumonji domain containing 1B_S315s _1,Kdm3b
Q3UDE9_Ptk2b_Protein-tyrosine kinase 2-beta_Y418y _1,Ptk2b
A0A0G2JDN3_Srrt_Serrate RNA effector molecule homolog_S21s _1,Srrt
Q8R4H2_Arhgef12_Rho guanine nucleotide exchange factor 12_S41s _0,Arhgef12
B1ART1_Vps13d_Vacuolar protein sorting 13D_S2074s _1,Vps13d
Q80XK6_Atg2b_Autophagy-related protein 2 homolog B_S719s _1,Atg2b
E9Q842_Nav2_Neuron navigator 2_S1570s _0,Nav2
Q60520_Sin3a_Paired amphipathic helix protein Sin3a_T433t T436t _1,Sin3a
Q6EDY6_Carmil1_F-actin-uncapping protein LRRC16A_S1289s _1,Carmil1
A0A0G2JEP0_Fxr1_Fragile X mental retardation syndrome-related protein 1_S493s _1,Fxr1
P23116_Eif3a_Eukaryotic translation initiation factor 3 subunit A_S584s _1,Eif3a
Q8C0C3_Trappc12_Trafficking protein particle complex subunit 12_S309s S314s _0,Trappc12
Q8BVL3_Snx17_Sorting nexin-17_S448s _0,Snx17
Q60855_Ripk1_Receptor-interacting serine/threonine-protein kinase 1_S313s _1,Ripk1
O88569_Hnrnpa2b1_Heterogeneous nuclear ribonucleoproteins A2/B1_S102s _1,Hnrnpa2b1
Q61097_Ksr1_Kinase suppressor of Ras 1_T411t _1,Ksr1
A0A0R4J0D5_Mon1a_Vacuolar fusion protein MON1 homolog A_S91s _1,Mon1a
Q3UHH1_Zswim8_Zinc finger SWIM domain-containing protein 8_S1132s _1,Zswim8
B5B2N2_Nfatc1_Nuclear factor of activated T-cells c1 isoform IA-IXL_S153s S163s _1,Nfatc1
Q8R4R6_Nup35_Nucleoporin NUP53_S258s _1,Nup35
A2BFF8_Dync1i2_Cytoplasmic dynein 1 intermediate chain 2_S81s _1,Dync1i2
Q8BZR9_Ncbp3_Nuclear cap-binding protein subunit 3_S546s _0,Ncbp3
O70145_Ncf2_Neutrophil cytosol factor 2_T311t S312s _0,Ncf2
A0A0G2JG52_Crybg1_Crystallin beta-gamma domain-containing 1_S1079s M1086m _1,Crybg1
Q8R2M2_Dnttip2_Deoxynucleotidyltransferase terminal-interacting protein 2_T612t _1,Dnttip2
Q99PT1_Arhgdia_Rho GDP-dissociation inhibitor 1_S47s _1,Arhgdia
Q8R4U7_Luzp1_Leucine zipper protein 1_S982s _1,Luzp1
P57725_Samsn1_SAM domain-containing protein SAMSN-1_S97s _1,Samsn1
E9Q7S1_Zfp106_Zinc finger protein 106_S755s _1,Zfp106
Q91Z67_Srgap2_SLIT-ROBO Rho GTPase-activating protein 2_S994s _0,Srgap2
B2RR82_Itsn2_Intersectin-2_S110s _1,Itsn2
Q3TAA7_Stk11ip_Serine/threonine-protein kinase 11-interacting protein_S422s _1,Stk11ip
A0A0A6YWL6_Zfp704_Zinc finger protein 704 (Fragment)_S107s _1,Zfp704
A0A1D5RLT6_Gramd1b_GRAM domain-containing protein 1B_S117s _1,Gramd1b
P54116_Stom_Erythrocyte band 7 integral membrane protein_S18s _1,Stom
P40201_Chd1_Chromodomain-helicase-DNA-binding protein 1_S90s _1,Chd1
P83917_Cbx1_Chromobox protein homolog 1_S80s _1,Cbx1
Q8K394_Plcl2_Inactive phospholipase C-like protein 2_S87s _0,Plcl2
A0A087WP74_2810474O19Rik_RIKEN cDNA 2810474O19 gene_S1512s _1,2810474O19Rik
A0A0A6YXV9_Ifi209_Interferon-activated gene 209_S186s _0,Ifi209
D3Z3A8_Myo9a_Unconventional myosin-IXa_S1583s _1,Myo9a
P48025_Syk_Tyrosine-protein kinase SYK_S270s _1,Syk
Q8K1B8_Fermt3_Fermitin family homolog 3_S15s _0,Fermt3
Q8C2Q3_Rbm14_RNA-binding protein 14_S523s _0,Rbm14
E9QMD3_Zfhx3_Zinc finger homeobox protein 3_S573s _0,Zfhx3
A2AL12_Hnrnpa3_Heterogeneous nuclear ribonucleoprotein A3_S116s _1,Hnrnpa3
Q8K0D0_Cdk17_Cyclin-dependent kinase 17_S180s _1,Cdk17
P14234_Fgr_Tyrosine-protein kinase Fgr_S25s _1,Fgr
Q32MT0_Mefv_Mefv protein_S175s _1,Mefv
Q99KH8_Stk24_Serine/threonine-protein kinase 24_S4s _1,Stk24
Q6NZF1_Zc3h11a_Zinc finger CCCH domain-containing protein 11A_S294s _1,Zc3h11a
A3KMF4_Aff1_AF4/FMR2 family member 1_S524s _1,Aff1
Q8R1B4_Eif3c_Eukaryotic translation initiation factor 3 subunit C_S204s _0,Eif3c
A2AN84_Mpp1_55 kDa erythrocyte membrane protein_S110s _1,Mpp1
B2M1R6_Hnrnpk_Heterogeneous nuclear ribonucleoprotein K_T39t _0,Hnrnpk
Q6R891_Ppp1r9b_Neurabin-2_T207t _1,Ppp1r9b
Q52KE7_Ccnl1_Cyclin-L1_S348s _0,Ccnl1
E9PX73_Ly9_T-lymphocyte surface antigen Ly-9_T389t S400s _0,Ly9
A0A0R4IZZ6_Fnbp4_Formin-binding protein 4_S518s _0,Fnbp4
Q9CW46_Raver1_Ribonucleoprotein PTB-binding 1_S576s _1,Raver1
"Q8R5G7_Arap3_Arf-GAP with Rho-GAP domain, ANK repeat and PH domain-containing protein 3_S1333s _1",Arap3
Q8R1Q8_Dync1li1_Cytoplasmic dynein 1 light intermediate chain 1_S405s _1,Dync1li1
Q8BX70_Vps13c_Vacuolar protein sorting-associated protein 13C_T1397t _1,Vps13c
"Q6NV99_Haus6_HAUS augmin-like complex, subunit 6_M404m T408t _0",Haus6
O70472_Tmem131_Transmembrane protein 131_S1645s _1,Tmem131
A2A5Y4_Kansl1_KAT8 regulatory NSL complex subunit 1_T829t _0,Kansl1
Q8CIS0_Card11_Caspase recruitment domain-containing protein 11_S552s _0,Card11
"O88845_Akap10_A-kinase anchor protein 10, mitochondrial_S187s _1",Akap10
Q9DBS5_Klc4_Kinesin light chain 4_T462t _0,Klc4
Q8BZ03_Prkd2_Serine/threonine-protein kinase D2_S236s _1,Prkd2
Q9QZK7_Dok3_Docking protein 3_T428t _0,Dok3
A2ANY6_Mdn1_Midasin_T5120t _1,Mdn1
Q3TGS9_Arfgap1_ADP-ribosylation factor GTPase-activating protein 1_S150s _1,Arfgap1
Q5F2E7_Nufip2_Nuclear fragile X mental retardation-interacting protein 2_T221t _0,Nufip2
A0A0R4J0V4_Jmy_Junction-mediating and -regulatory protein_S108s _1,Jmy
A2CG35_Rab12_Ras-related protein Rab-12_S68s _1,Rab12
P55258_Rab8a_Ras-related protein Rab-8A_S186s _0,Rab8a
G5E8A7_Samd4b_Protein Smaug homolog 2_S585s _0,Samd4b
Q8BUR4_Dock1_Dedicator of cytokinesis protein 1_T1767t T1772t _1,Dock1
Q8C0J6_Sowahc_Ankyrin repeat domain-containing protein SOWAHC_S391s _1,Sowahc
E9Q8V6_Dennd4a_DENN/MADD domain-containing 4A_S911s _1,Dennd4a
B1AR09_Mllt6_Myeloid/lymphoid or mixed-lineage leukemia_S235s S237s _0,Mllt6
Q8BYC6_Taok3_Serine/threonine-protein kinase TAO3_S440s _1,Taok3
B2RWS6_Ep300_Histone acetyltransferase p300_S286s M290m _1,Ep300
"G5E8J8_Wiz_MCG14253, isoform CRA_a_S847s _0",Wiz
Q3U0L2_Ankrd33b_Ankyrin repeat domain-containing protein 33B_S397s _1,Ankrd33b
Q9WTK2_Cdyl_Chromodomain Y-like protein_S203s _0,Cdyl
B1AZP2_Dlgap4_Disks large-associated protein 4_T975t _0,Dlgap4
E9QAU9_Lrch3_Leucine-rich repeat and calponin homology domain-containing protein 3_S625s _1,Lrch3
D3Z5I1_Zc3hav1_Zinc finger CCCH-type antiviral protein 1_S307s _0,Zc3hav1
Q8CIE4_Parp10_Poly [ADP-ribose] polymerase_S917s _1,Parp10
A0A0G2JEP4_Lrrfip2_Leucine-rich repeat flightless-interacting protein 2_S18s _1,Lrrfip2
Q99N69_Lpxn_Leupaxin_Y62y _1,Lpxn
Q9Z1T1_Ap3b1_AP-3 complex subunit beta-1_T662t _1,Ap3b1
P47713_Pla2g4a_Cytosolic phospholipase A2_S2s _1,Pla2g4a
F8WJD4_Sympk_Symplekin_S494s M509m _1,Sympk
A0A140LJ04_Zzef1_Zinc finger ZZ-type and EF-hand domain-containing protein 1_S1464s S1475s _0,Zzef1
Q8JZX4_Rbm17_Splicing factor 45_S169s M170m _1,Rbm17
Q9EQU5_Set_Protein SET_S7s _1,Set
Q8K3A9_Mepce_7SK snRNA methylphosphate capping enzyme_S24s _1,Mepce
O88737_Bsn_Protein bassoon_S2860s _1,Bsn
P28028_Braf_Serine/threonine-protein kinase B-raf_S464s _0,Braf
Q9EQG9_Col4a3bp_Collagen type IV alpha-3-binding protein_S132s M133m _1,Col4a3bp
Q3U0J8_Tbc1d2b_TBC1 domain family member 2B_S377s _1,Tbc1d2b
Q921I6_Sh3bp4_SH3 domain-binding protein 4_S263s _0,Sh3bp4
Q8R310_Tmcc3_Transmembrane and coiled-coil domain protein 3_M188m T194t _1,Tmcc3
Q5SVQ0_Kat7_Histone acetyltransferase KAT7_S52s _1,Kat7
Q80X98_Dhx38_DEAH (Asp-Glu-Ala-His) box polypeptide 38_S263s _0,Dhx38
B2RQC6_Cad_CAD protein_S1407s _0,Cad
Q0P5V9_Slc45a4_Solute carrier family 45 member 4_Q440q S442s _1,Slc45a4
Q9JHC9_Elf2_ETS-related transcription factor Elf-2_S363s _0,Elf2
E9QK36_Wdr62_WD repeat-containing protein 62_T1198t _1,Wdr62
Q8BXQ8_Fam53c_Protein FAM53C_S97s _1,Fam53c
S4R1W5_Rbm6_RNA-binding motif protein 6_S747s _0,Rbm6
A0A0U1RNU4_Zfp768_Zinc finger protein 768_M204m S207s _1,Zfp768
E9PZD2_Micall2_MICAL-like protein 2_S89s _1,Micall2
Q8C050_Rps6ka5_Ribosomal protein S6 kinase alpha-5_S375s S380s _2,Rps6ka5
Q3TEA8-2_Hp1bp3_Isoform 2 of Heterochromatin protein 1-binding protein 3_S502s _1,Hp1bp3
"G3UW90_Trps1_Trichorhinophalangeal syndrome I (Human), isoform CRA_b_S1081s _1",Trps1
A0A0J9YUA8_Med13l_Mediator of RNA polymerase II transcription subunit 13_T758t _1,Med13l
Q924H7_Wac_WW domain-containing adapter protein with coiled-coil_T293t _0,Wac
E9Q3X4_Hps5_Hermansky-Pudlak syndrome 5 protein homolog_S501s _1,Hps5
"O88502_Pde8a_High affinity cAMP-specific and IBMX-insensitive 3',5'-cyclic phosphodiesterase 8A_S382s _1",Pde8a
G5E880_Lrmp_Lymphoid-restricted membrane protein_S450s _0,Lrmp
F8WH41_Strn_Striatin_S223s _0,Strn
Q8BG30_Nelfa_Negative elongation factor A_T277t _1,Nelfa
Q60790_Rasa3_Ras GTPase-activating protein 3_S809s _1,Rasa3
P37913_Lig1_DNA ligase 1_T77t _1,Lig1
F2Z443_Zfp652_Zinc finger protein 652_S215s _1,Zfp652
E9QJU8_Trp53bp2_Transformation-related protein 53-binding protein 2_M558m S561s _1,Trp53bp2
G3UYG6_Gigyf2_GRB10-interacting GYF protein 2_S26s _0,Gigyf2
P70441_Slc9a3r1_Na(+)/H(+) exchange regulatory cofactor NHE-RF1_S294s S297s _2,Slc9a3r1
A0A286YE36_Nsd1_Histone-lysine N-methyltransferase_S2267s _1,Nsd1
O70146_Tesk1_Dual specificity testis-specific protein kinase 1_S357s _0,Tesk1
Q68FE6_Ripor1_Rho family-interacting cell polarization regulator 1_S347s _1,Ripor1
Q9Z2D6-2_Mecp2_Isoform B of Methyl-CpG-binding protein 2_S377s _0,Mecp2
Q6P9N1_Fam126a_Hyccin_S467s _1,Fam126a
Q921C3-2_Brwd1_Isoform B of Bromodomain and WD repeat-containing protein 1_S697s _1,Brwd1
Q3UXZ9_Kdm5a_Lysine-specific demethylase 5A_S223s _1,Kdm5a
A0A0R4J172_Dennd4b_DENN domain-containing protein 4B_S1077s _0,Dennd4b
Q91ZW3_Smarca5_SWI/SNF-related matrix-associated actin-dependent regulator of chromatin subfamily A member 5_S136s _1,Smarca5
Q8N7N5_Dcaf8_DDB1- and CUL4-associated factor 8_S48s _0,Dcaf8
Q9DBR0_Akap8_A-kinase anchor protein 8_S201s _0,Akap8
F8WGD2_Rin2_Ras and Rab interactor 2_S321s _1,Rin2
Q5DU37_Zfyve26_Zinc finger FYVE domain-containing protein 26_S605s _1,Zfyve26
A0A087WQN7_Xrn1_5'-3' exoribonuclease 1_S398s _1,Xrn1
A1L3S7_Gatad2b_Gatad2b protein_T474t _0,Gatad2b
A0A286YDN9_Spire1_Protein spire homolog 1_S175s _1,Spire1
"G3X959_Pphln1_Periphilin 1, isoform CRA_a_S147s _1",Pphln1
Q69ZR9_Fam208a_Protein TASOR_S333s _1,Fam208a
A2AHQ7_Phka2_Phosphorylase b kinase regulatory subunit_T1051t _0,Phka2
Q8VD58_Evi2b_Protein EVI2B_S264s _0,Evi2b
P60335_Pcbp1_Poly(rC)-binding protein 1_Q244q S246s _1,Pcbp1
O54824_Il16_Pro-interleukin-16_S839s _1,Il16
E9Q9T0_Fbrsl1_Fibrosin-like 1_T846t _1,Fbrsl1
P58058_Nadk_NAD kinase_S50s _1,Nadk
A0A0G2JFQ4_Nbeal2_Neurobeachin-like protein 2_M1827m T1828t _1,Nbeal2
F8VPM9_Hivep1_Zinc finger protein 40_S774s _1,Hivep1
Q61161_Map4k2_Mitogen-activated protein kinase kinase kinase kinase 2_S8s _1,Map4k2
P51150_Rab7a_Ras-related protein Rab-7a_S72s _1,Rab7a
Q5SWT9_Ikzf1_DNA-binding protein Ikaros_S461s _1,Ikzf1
A0A0R4J055_Dnmbp_Dynamin-binding protein_T482t _0,Dnmbp
A0A0R4J2B2_Kctd12_BTB/POZ domain-containing protein KCTD12_S187s T198t _2,Kctd12
B7ZNU9_Sntb2_Beta-2-syntrophin_S373s _1,Sntb2
Q9ESJ4_Nckipsd_NCK-interacting protein with SH3 domain_M117m S122s _0,Nckipsd
Q3UKC1_Tax1bp1_Tax1-binding protein 1 homolog_S632s _0,Tax1bp1
Q8CHP0_Zc3h3_Zinc finger CCCH domain-containing protein 3_S380s _0,Zc3h3
"G5E8R4_Ppp6r3_SAPS domain family, member 3, isoform CRA_c_T631t _1",Ppp6r3
Q8BH43_Wasf2_Wiskott-Aldrich syndrome protein family member 2_S428s _0,Wasf2
Q9JIS8_Slc12a4_Solute carrier family 12 member 4_T983t _1,Slc12a4
"E9Q236_Abcc4_ATP-binding cassette, sub-family C (CFTR/MRP), member 4_S641s T642t _0",Abcc4
D3YUI2_Mkl1_MKL/myocardin-like protein 1_S6s _1,Mkl1
Q8K3K8_Optn_Optineurin_S547s _1,Optn
"A3KGU5_Sptan1_Spectrin alpha chain, non-erythrocytic 1_S1031s _0",Sptan1
Q8BRN9_Cc2d1b_Coiled-coil and C2 domain-containing protein 1B_S520s _0,Cc2d1b
E9QAN9_Ifi203_Interferon-activable protein 203_S623s _1,Ifi203
A0A087WQU0_Ralgps2_Ras-specific guanine nucleotide-releasing factor RalGPS2_T290t _0,Ralgps2
E9Q0A4_Kif21b_Kinesin-like protein KIF21B_S1198s _1,Kif21b
Q91X58_Zfand2b_AN1-type zinc finger protein 2B_T178t _1,Zfand2b
O35495_Cdk14_Cyclin-dependent kinase 14_S459s _1,Cdk14
Q6P9Q4_Fhod1_FH1/FH2 domain-containing protein 1_S400s _0,Fhod1
Q7TQK0-2_Ccnt2_Isoform 2 of Cyclin-T2_S537s _1,Ccnt2
Q8K1C9_Lrrc41_Leucine-rich repeat-containing protein 41_T327t _0,Lrrc41
Q8BI22_Cep128_Centrosomal protein of 128 kDa_S295s _1,Cep128
A0A0A6YY83_Pcdh7_Protocadherin 7_S966s _1,Pcdh7
Q99J36_Thumpd1_THUMP domain-containing protein 1_S119s _1,Thumpd1
E9Q3C1_C2cd2_C2 domain-containing protein 2_T440t _1,C2cd2
A0A0R4J0P5_Pstpip1_Proline-serine-threonine phosphatase-interacting protein 1_S346s _1,Pstpip1
Q8BJQ4_Ticam2_TIR domain-containing adapter molecule 2_S217s _1,Ticam2
Q80YE7_Dapk1_Death-associated protein kinase 1_S326s _1,Dapk1
"G3X8Q1_Cabin1_Calcineurin binding protein 1, isoform CRA_a_Q1920q T1928t _0",Cabin1
Q99K90_Tab2_TGF-beta-activated kinase 1 and MAP3K7-binding protein 2_S527s _0,Tab2
E9QAS3_Ptpn22_Tyrosine-protein phosphatase_S452s _0,Ptpn22
E0CYM8_Sirpa_Tyrosine-protein phosphatase non-receptor type substrate 1_S501s _1,Sirpa
A2AAN0_Exoc7_Exocyst complex component 7_S250s _1,Exoc7
Q3UCQ1_Foxk2_Forkhead box protein K2_S526s _1,Foxk2
Q62167_Ddx3x_ATP-dependent RNA helicase DDX3X_S90s _0,Ddx3x
"O89084_Pde4a_cAMP-specific 3',5'-cyclic phosphodiesterase 4A_S147s _1",Pde4a
Q6NXH3_Gpbp1_Vasculin_S276s _1,Gpbp1
A0A087WPP8_Abi2_Abl interactor 2_S221s _1,Abi2
Q9R1C0_Taf7_Transcription initiation factor TFIID subunit 7_S159s _1,Taf7
A0A0R4J0I0_Erf_ETS domain-containing transcription factor ERF_T529t _1,Erf
A0A0G2JH17_Ints1_Integrator complex subunit 1_S1356s _0,Ints1
Q9QYE6_Golga5_Golgin subfamily A member 5_S153s _1,Golga5
Q6KAU8_Atg16l2_Autophagy-related protein 16-2_S240s _0,Atg16l2
Q5SUA5_Myo1g_Unconventional myosin-Ig_S998s _1,Myo1g
"F8VQE9_Agap3_Arf-GAP with GTPase, ANK repeat and PH domain-containing protein 3_S395s _1",Agap3
A0A1D5RMH7_Psd3_PH and SEC7 domain-containing protein 3_S619s M621m _1,Psd3
Q2TBE6_Pi4k2a_Phosphatidylinositol 4-kinase type 2-alpha_S462s _1,Pi4k2a
Q8CHI8_Ep400_E1A-binding protein p400_T2210t _1,Ep400
D3YZP9_Ccdc6_Coiled-coil domain-containing protein 6_S237s _1,Ccdc6
A2AWT5_Ubtf_Nucleolar transcription factor 1_S546s _1,Ubtf
Q62433_Ndrg1_Protein NDRG1_T328t _0,Ndrg1
A0A1N9PTV1_Fbrs_Probable fibrosin-1_S186s _0,Fbrs
Q6DFZ1_Gbf1_Golgi-specific brefeldin A-resistance factor 1_S1786s _1,Gbf1
Q8CB96_Rassf4_Ras association domain-containing protein 4_S158s _1,Rassf4
Q9Z2B9_Rps6ka4_Ribosomal protein S6 kinase alpha-4_S771s _1,Rps6ka4
Q6ZPR6_Ibtk_Inhibitor of Bruton tyrosine kinase_S994s _0,Ibtk
Q9CR86_Carhsp1_Calcium-regulated heat stable protein 1_S59s _1,Carhsp1
A2A8R7_Zcchc11_Terminal uridylyltransferase 4_S176s _1,Zcchc11
Q62418_Dbnl_Drebrin-like protein_S141s _1,Dbnl
F8VPL2_Pik3c2a_Phosphatidylinositol 4-phosphate 3-kinase C2 domain-containing subunit alpha_S1553s _1,Pik3c2a
E9Q3G5_Arfip1_ADP-ribosylation factor-interacting protein 1_T354t _1,Arfip1
P09450_Junb_Transcription factor jun-B_T252t S256s _2,Junb
F8VPZ3_Usp32_Ubiquitin-specific peptidase 32_S1372s _0,Usp32
Q3UH13_Tulp4_Tubby-related protein 4_S353s _1,Tulp4
D3YVU4_Kdm2b_Lysine-specific demethylase 2B_S768s _1,Kdm2b
Q8BJ34-6_Marf1_Isoform 6 of Meiosis regulator and mRNA stability factor 1_S758s _1,Marf1
"I7HPV9_Prex1_Phosphatidylinositol 3,4,5-trisphosphate-dependent Rac exchanger 1 protein_T262t _0",Prex1
E9PUA7_Tpd52_Tumor protein D52_S116s _0,Tpd52
Q7TMQ7_Wdr91_WD repeat-containing protein 91_S278s _1,Wdr91
Q8BZ47_Znf609_Zinc finger protein 609_S467s _0,Znf609
Q9QXD8_Limd1_LIM domain-containing protein 1_T402t _0,Limd1
Q9JL61_Rfx5_DNA-binding protein Rfx5_S535s _1,Rfx5
Q3UYC0_Ppm1h_Protein phosphatase 1H_T223t _0,Ppm1h
A2AWA9_Rabgap1_Rab GTPase-activating protein 1_S486s _0,Rabgap1
P63024_Vamp3_Vesicle-associated membrane protein 3_S48s _1,Vamp3
A0A0R4J0N9_Mtus1_Microtubule-associated tumor suppressor 1 homolog_Q371q T374t _0,Mtus1
Q9CQT2_Rbm7_RNA-binding protein 7_S137s _1,Rbm7
Q8BFU3-2_Rnf214_Isoform 2 of RING finger protein 214_S477s M480m _1,Rnf214
Q64337_Sqstm1_Sequestosome-1_T269t S275s _1,Sqstm1
A0A0R4J0T8_Arfgap3_ADP-ribosylation factor GTPase-activating protein 3_S377s _0,Arfgap3
E9Q9M8_Pwwp2b_PWWP domain-containing 2B_S210s _1,Pwwp2b
Q8BM75_Arid5b_AT-rich interactive domain-containing protein 5B_S264s _1,Arid5b
P53995_Anapc1_Anaphase-promoting complex subunit 1_S1347s _0,Anapc1
Q8K1T1_Lrrc25_Leucine-rich repeat-containing protein 25_S204s _1,Lrrc25
H3BJQ9_Cux1_Homeobox protein cut-like_S1318s _0,Cux1
Q6PR54_Rif1_Telomere-associated protein RIF1_S1528s _1,Rif1
P40124_Cap1_Adenylyl cyclase-associated protein 1_S274s _1,Cap1
E9PV48_Ifit3b_Interferon-induced protein with tetratricopeptide repeats 3B_S327s _1,Ifit3b
Q8R1G6_Pdlim2_PDZ and LIM domain protein 2_S210s _0,Pdlim2
A2A9C3_Szt2_KICSTOR complex protein SZT2_S3230s _1,Szt2
Q9JIA7_Sphk2_Sphingosine kinase 2_S364s S379s _1,Sphk2
Q69ZZ6_Tmcc1_Transmembrane and coiled-coil domains protein 1_S134s _1,Tmcc1
A0A1W2P7R1_Nup107_Nuclear pore complex protein Nup107_T55t _1,Nup107
Q8K1I7_Wipf1_WAS/WASL-interacting protein family member 1_S155s _1,Wipf1
Q7TNE3_Spag7_Sperm-associated antigen 7_S202s _1,Spag7
Q91Z78_Bnip3l_BCL2/adenovirus E1B 19 kDa protein-interacting protein 3-like_S165s _1,Bnip3l
A0A087WQT6_Casp8_Caspase-8_Y356y _1,Casp8
O35685_Nudc_Nuclear migration protein nudC_S299s M300m _1,Nudc
A2AG58_Bclaf3_BCLAF1 and THRAP3 family member 3_S210s _1,Bclaf3
Q9JHF5_Tcirg1_V-type proton ATPase subunit a_S164s _1,Tcirg1
Q6P1D7_Slx4_Structure-specific endonuclease subunit SLX4_S54s _1,Slx4
"A0A087WRF2_Agap1_Arf-GAP with GTPase, ANK repeat and PH domain-containing protein 1_S552s _0",Agap1
G3X963_Atad2_ATPase family AAA domain-containing protein 2_S317s _0,Atad2
Q62187_Ttf1_Transcription termination factor 1_T56t _0,Ttf1
Q91VY6_Cytip_Cytohesin-interacting protein_S66s _1,Cytip
Q05CL8_Larp7_La-related protein 7_S256s T260t _2,Larp7
"B1ATD5_Mtmr3_MCG9626, isoform CRA_b_S1062s _0",Mtmr3
E9PUR6_Nr3c1_Glucocorticoid receptor_S287s _0,Nr3c1
A0A0R4J011_Tcf3_Transcription factor E2-alpha_T529t _0,Tcf3
Q9DBG5_Plin3_Perilipin-3_S106s _1,Plin3
Q6ZPJ3_Ube2o_(E3-independent) E2 ubiquitin-conjugating enzyme UBE2O_S510s _1,Ube2o
Q8BX90_Fndc3a_Fibronectin type-III domain-containing protein 3A_S100s _1,Fndc3a
O89053_Coro1a_Coronin-1A_T424t _0,Coro1a
A2AR76_Tank_TRAF family member-associated NF-kappa-B activator_S257s _0,Tank
Q99K70_Rragc_Ras-related GTP-binding protein C_T393t _1,Rragc
Q3TGM7_Hbs1l_HBS1-like protein_S199s _1,Hbs1l
Q9WUH1_Tmem115_Transmembrane protein 115_S320s T329t _1,Tmem115
Q9JI44_Dmap1_DNA methyltransferase 1-associated protein 1_S455s _1,Dmap1
Q3ZAQ4_Atg9a_Autophagy-related protein 9_S735s _1,Atg9a
Q9ERS5_Plekha2_Pleckstrin homology domain-containing family A member 2_T322t _0,Plekha2
E9Q0E9_Ankrd55_Ankyrin repeat domain-containing protein 55_S482s _0,Ankrd55
Q3UJU9_Rmdn3_Regulator of microtubule dynamics protein 3_S83s _0,Rmdn3
Q8BH02_Tor4a_Torsin-4A_S92s _1,Tor4a
Q8BUH8_Senp7_Sentrin-specific protease 7_S12s _1,Senp7
G5E8R8_Ubxn7_UBX domain-containing protein 7_S285s _1,Ubxn7
F8WJ74_Gramd1a_GRAM domain-containing protein 1A_S12s _1,Gramd1a
A0A1C7CYU5_Fam160a2_FTS and Hook-interacting protein_S914s _1,Fam160a2
A0A0R4J1B6_Dennd5a_DENN domain-containing protein 5A_S827s _1,Dennd5a
A2A432_Cul4b_Cullin-4B_S206s _0,Cul4b
P58801_Ripk2_Receptor-interacting serine/threonine-protein kinase 2_S356s _1,Ripk2
Q3U0M1_Trappc9_Trafficking protein particle complex subunit 9_S840s _1,Trappc9
P56399_Usp5_Ubiquitin carboxyl-terminal hydrolase 5_S785s _0,Usp5
D3YUS5_Rasal2_RAS protein activator-like 2_S118s _1,Rasal2
O35841_Api5_Apoptosis inhibitor 5_S469s _1,Api5
Q9CX66_D10Wsu102e_Uncharacterized protein C12orf45 homolog_S177s _1,D10Wsu102e
P15261_Ifngr1_Interferon gamma receptor 1_S293s _1,Ifngr1
F8WH69_Ncf1_Neutrophil cytosol factor 1_S384s _0,Ncf1
A0A1D5RLN9_Tnip3_TNFAIP3-interacting protein 3_S262s _0,Tnip3
"A0A0R4J034_Pdxdc1_MCG129810, isoform CRA_c_S721s S722s _2",Pdxdc1
P70182_Pip5k1a_Phosphatidylinositol 4-phosphate 5-kinase type-1 alpha_S15s _0,Pip5k1a
Q9D8U8_Snx5_Sorting nexin-5_S152s _0,Snx5
E9QMJ8_Axin1_Axin-1_S581s _1,Axin1
Q6A037_N4bp1_NEDD4-binding protein 1_S503s _1,N4bp1
Q8CAS9_Parp9_Poly [ADP-ribose] polymerase 9_S42s _1,Parp9
A0A1D5RM94_Dync1li2_Cytoplasmic dynein 1 light intermediate chain 2_S407s _0,Dync1li2
G3X9J0_Sipa1l3_Signal-induced proliferation-associated 1-like protein 3_S1358s _1,Sipa1l3
A0A286YDN1_Eml3_Echinoderm microtubule-associated protein-like 3_S198s _0,Eml3
B0V2M9_Kdm4b_Lysine-specific demethylase 4B_S988s _1,Kdm4b
Q922Y1_Ubxn1_UBX domain-containing protein 1_S182s _1,Ubxn1
Q8C142_Ldlrap1_Low density lipoprotein receptor adapter protein 1_S14s _1,Ldlrap1
P32067_Ssb_Lupus La protein homolog_T346t _1,Ssb
Q8R1N0_Znf830_Zinc finger protein 830_T106t _1,Znf830
Q9DC28-2_Csnk1d_Isoform 2 of Casein kinase I isoform delta_S382s _1,Csnk1d
Q08509_Eps8_Epidermal growth factor receptor kinase substrate 8_S658s _1,Eps8
E9QNX4_Alpk1_Alpha-protein kinase 1_S610s _1,Alpk1
E9Q286_Ice1_Little elongation complex subunit 1_S1733s _0,Ice1
Q61686_Cbx5_Chromobox protein homolog 5_S93s _0,Cbx5
Q9CQV4_Retreg3_Reticulophagy regulator 3_S26s _0,Retreg3
"G3UVV3_Zfp407_MCG1556, isoform CRA_b_S423s _1",Zfp407
Q9JJZ6_Klf13_Krueppel-like factor 13_S269s _1,Klf13
Q7M6Y3_Picalm_Phosphatidylinositol-binding clathrin assembly protein_S315s _1,Picalm
A0A140LHY7_Pold3_DNA polymerase delta subunit 3_S109s _0,Pold3
Q8C0J2_Atg16l1_Autophagy-related protein 16-1_S287s _1,Atg16l1
A2AMY5_Ubap2_Ubiquitin-associated protein 2_T1022t _0,Ubap2
A0A0B4J1E3_Ighmbp2_DNA-binding protein SMUBP-2_S840s _0,Ighmbp2
Q8BGQ1_Vipas39_Spermatogenesis-defective protein 39 homolog_T81t _0,Vipas39
Q9QZE7_Tsnax_Translin-associated protein X_T17t _1,Tsnax
B9EKJ3_Mon2_Mon2 protein_S534s _1,Mon2
E9Q2E4_Hectd4_HECT domain E3 ubiquitin protein ligase 4_M1529m S1530s _0,Hectd4
O08796_Eef2k_Eukaryotic elongation factor 2 kinase_S469s _1,Eef2k
A2AH25_Arhgap1_Rho GTPase-activating protein 1_S91s _1,Arhgap1
Q9QY01_Ulk2_Serine/threonine-protein kinase ULK2_S528s _0,Ulk2
F7CBP1_Eif4g2_Eukaryotic translation initiation factor 4 gamma 2_M373m M377m S394s M397m _1,Eif4g2
A0A1L1SQR4_Dock6_Dedicator of cytokinesis protein 6_S882s _1,Dock6
Q3UII8_Mta3_Metastasis-associated protein MTA3_S426s _0,Mta3
Q6P1H6_Ankle2_Ankyrin repeat and LEM domain-containing protein 2_S535s _1,Ankle2
A2ACC6_Ralgapb_Ral GTPase-activating protein subunit beta_S729s T730t _0,Ralgapb
Q9CWW7_Cxxc1_CXXC-type zinc finger protein 1_S100s _1,Cxxc1
Q78HU3_Mvb12a_Multivesicular body subunit 12A_S161s _1,Mvb12a
Q6P9R2_Oxsr1_Serine/threonine-protein kinase OSR1_S355s _1,Oxsr1
Q07113_Igf2r_Cation-independent mannose-6-phosphate receptor_S2393s S2401s _1,Igf2r
G3X9F6_Sh3tc1_SH3 domain and tetratricopeptide repeats 1_S481s _1,Sh3tc1
A0A0A6YVZ7_Lin9_Protein lin-9 homolog_S81s _1,Lin9
A0A0A6YVU8_Gm9774_MCG119397_S211s _1,Gm9774
Q8CC12_Cdan1_Codanin-1_S165s _1,Cdan1
E9Q634_Myo1e_Unconventional myosin-Ie_Q999q S1008s _0,Myo1e
A2ADY9_Ddi2_Protein DDI1 homolog 2_S121s M125m _1,Ddi2
Q810U5_Ccdc50_Coiled-coil domain-containing protein 50_S257s _1,Ccdc50
A0A1Y7VLY2_Dock4_Dedicator of cytokinesis protein 4_S1643s _1,Dock4
"Q8BH80_Vapb_Vesicle-associated membrane protein, associated protein B and C_S144s _0",Vapb
A0A087WSP5_Stat1_Signal transducer and activator of transcription_M732m S733s M740m _1,Stat1
Q9CWZ3-2_Rbm8a_Isoform 2 of RNA-binding protein 8A_S42s _1,Rbm8a
P70271_Pdlim4_PDZ and LIM domain protein 4_S134s _1,Pdlim4
Q9CU65_Zmym2_Zinc finger MYM-type protein 2_S837s _1,Zmym2
Q9WVG9_Msl3_Male-specific lethal 3 homolog_S404s _0,Msl3
G3UWD2_Runx1_Runt-related transcription factor_T14t S21s _2,Runx1
Q99KZ6_Znf639_Zinc finger protein 639_S200s _0,Znf639
Q9D281_Fam114a1_Protein Noxp20_T197t _1,Fam114a1
Q8R4E9_Cdt1_DNA replication factor Cdt1_T408t _0,Cdt1
Q9CS00_Cactin_Cactin_S96s _1,Cactin
E9QJU7_Sh3bp2_SH3 domain-binding protein 2_S498s _1,Sh3bp2
Q62432_Smad2_Mothers against decapentaplegic homolog 2_M456m S458s _1,Smad2
Q9Z2V5_Hdac6_Histone deacetylase 6_S21s _1,Hdac6
Q5DTT3_Fam208b_Protein FAM208B_S698s _0,Fam208b
A2AEW0_Tfe3_Transcription factor E3_S510s _1,Tfe3
P63325_Rps10_40S ribosomal protein S10_S146s _1,Rps10
Q61122_Nab1_NGFI-A-binding protein 1_S355s _1,Nab1
Q571K4_Tab3_TGF-beta-activated kinase 1 and MAP3K7-binding protein 3_S389s _0,Tab3
A0A0R4J0J6_Thoc5_THO complex subunit 5 homolog_T328t _1,Thoc5
A0A0J9YVJ6_Pnkp_Bifunctional polynucleotide phosphatase/kinase_S142s _1,Pnkp
E9Q7Q3_Tpm3_Tropomyosin alpha-3 chain_T6t _0,Tpm3
Q6PCP5-3_Mff_Isoform 3 of Mitochondrial fission factor_S129s _1,Mff
A2AI69_Prkar1a_cAMP-dependent protein kinase type I-alpha regulatory subunit_S77s S83s _2,Prkar1a
E9Q481_Ppp4r3a_Serine/threonine-protein phosphatase 4 regulatory subunit 3A_S774s S777s _1,Ppp4r3a
G5E8B9_Zbtb11_MCG130893_S493s _1,Zbtb11
"A2ATI9_Gorasp2_Golgi reassembly stacking protein 2, isoform CRA_d_M199m T205t _1",Gorasp2
A1A5B6_Tbc1d25_TBC1 domain family member 25_S211s _0,Tbc1d25
B1AY85_Plxdc2_Plexin domain-containing protein 2_S505s _1,Plxdc2
E9Q3M3_Dctn1_Dynactin subunit 1_T91t _1,Dctn1
Q6PAL7_Ahdc1_AT-hook DNA-binding motif-containing protein 1_S892s _1,Ahdc1
A2AI08_Tprn_Taperin_S184s _1,Tprn
Q8VI93_Oas3_2'-5'-oligoadenylate synthase 3_S374s _1,Oas3
"D3Z7R9_Ccpg1_Cell cycle progression 1, isoform CRA_d_S187s S189s S191s _0",Ccpg1
A2AR26_Slc2a6_Slc2a6 protein_T22t _1,Slc2a6
Q5RL57_Akap8l_A kinase (PRKA) anchor protein 8-like_S359s _1,Akap8l
A0A1D5RLL4_Trrap_Transformation/transcription domain-associated protein_S2050s _1,Trrap
P70206_Plxna1_Plexin-A1_S1633s S1636s _2,Plxna1
Q80UG2_Plxna4_Plexin-A4_S1632s _1,Plxna4
Q99P91_Gpnmb_Transmembrane glycoprotein NMB_S546s _1,Gpnmb
Q8CF60_Zfp263_Zinc finger protein 263_T316t _0,Zfp263
Q8CCJ9_Phf20l1_PHD finger protein 20-like protein 1_S368s _1,Phf20l1
P25799_Nfkb1_Nuclear factor NF-kappa-B p105 subunit_T946t _1,Nfkb1
B1AYB9_Gab3_GRB2-associated-binding protein 3_S348s _0,Gab3
Q5NC05_Ttf2_Transcription termination factor 2_S359s _1,Ttf2
A0A0R4J0M9_Vcpip1_Deubiquitinating protein VCIP135_S999s _0,Vcpip1
Q04899_Cdk18_Cyclin-dependent kinase 18_S75s _1,Cdk18
Q923B1_Dbr1_Lariat debranching enzyme_M481m S489s S491s _0,Dbr1
P32240_Ptger4_Prostaglandin E2 receptor EP4 subtype_S273s _1,Ptger4
B2RSU7_Gcc2_GRIP and coiled-coil domain containing 2_S441s _1,Gcc2
Q6P5D4_Cep135_Centrosomal protein of 135 kDa_S1122s _0,Cep135
Q8BGR5_Fam53b_Protein FAM53B_S130s _0,Fam53b
A2AJ88_Pnpla7_Patatin-like phospholipase domain-containing protein 7_S341s _1,Pnpla7
Q80W49-2_Crybg3_Isoform 2 of Beta/gamma crystallin domain-containing protein 3_S40s _1,Crybg3
F8WIK2_Parp8_Poly [ADP-ribose] polymerase_S384s _0,Parp8
E9Q2V7_Tbc1d14_TBC1 domain family member 14_S43s _1,Tbc1d14
D3Z3G6_Mapk3_Mitogen-activated protein kinase_T203t _1,Mapk3
Q9QZQ8_H2afy_Core histone macro-H2A.1_S170s _1,H2afy
A6H5X4_Phf11_PHD finger protein 11_S170s _0,Phf11
E9QPA1_Ric1_RAB6A-GEF complex partner protein 1_S1036s _1,Ric1
P26231_Ctnna1_Catenin alpha-1_S655s _0,Ctnna1
Q4G0F8_Ubn1_Ubinuclein-1_S691s _0,Ubn1
"Q3U741_Ddx17_DEAD (Asp-Glu-Ala-Asp) box polypeptide 17, isoform CRA_a_S595s _1",Ddx17
Q8CEE6_Pask_PAS domain-containing serine/threonine-protein kinase_S852s _0,Pask
Q5SYL3_Kiaa0100_Protein KIAA0100_S563s _0,Kiaa0100
Q6PCL9_Papolg_Poly(A) polymerase gamma_S507s _1,Papolg
F8WJ93_Eml4_Echinoderm microtubule-associated protein-like 4_S146s _1,Eml4
Q5SU71_Trim25_E3 ubiquitin/ISG15 ligase TRIM25_T90t _1,Trim25
Q80V94_Ap4e1_AP-4 complex subunit epsilon-1_S790s _1,Ap4e1
Q5SUF2_Luc7l3_Luc7-like protein 3_T403t _1,Luc7l3
F8WHU7_Stag1_Cohesin subunit SA-1_S1093s _1,Stag1
I7HJS1_Emd_Emerin_S106s _1,Emd
"B1AUX5_Arhgap4_Rho GTPase activating protein 4, isoform CRA_b_T921t _0",Arhgap4
Q5F2F2_Abhd15_Protein ABHD15_T142t _1,Abhd15
Q99PL6_Ubxn6_UBX domain-containing protein 6_S36s _1,Ubxn6
Q9CRD0_Ociad1_OCIA domain-containing protein 1_S147s _0,Ociad1
Q9CWY8_Rnaseh2a_Ribonuclease H2 subunit A_S238s _0,Rnaseh2a
E9PYL6_Ikbke_Inhibitor of nuclear factor kappa-B kinase subunit epsilon_S457s _1,Ikbke
A0A0R4J124_Srpk2_SRSF protein kinase 2_T492t _0,Srpk2
P29699_Ahsg_Alpha-2-HS-glycoprotein_M128m S138s _1,Ahsg
Q9QZS8_Sh2d3c_SH2 domain-containing protein 3C_S22s _1,Sh2d3c
Q80U38_Khnyn_Protein KHNYN_S214s _1,Khnyn
M0QWZ1_Fam193a_Protein FAM193A_S1437s _0,Fam193a
Q3U9G9_Lbr_Lamin-B receptor_S67s _0,Lbr
Q8C9S4_Ccdc186_Coiled-coil domain-containing protein 186_S745s _0,Ccdc186
Q91YK2_Rrp1b_Ribosomal RNA processing protein 1 homolog B_S672s _0,Rrp1b
Q3UHI0-2_Ccser2_Isoform 2 of Serine-rich coiled-coil domain-containing protein 2_S242s _1,Ccser2
B2RRI2_Sbno1_Protein strawberry notch homolog 1_S213s _1,Sbno1
Q5SW28_Pik3r5_Phosphoinositide 3-kinase regulatory subunit 5_S500s _1,Pik3r5
"E9QPJ5_D5Ertd579e_DNA segment, Chr 5, ERATO Doi 579,-expressed_S1340s _0",D5Ertd579e
Q8C1Y8_Ccz1_Vacuolar fusion protein CCZ1 homolog_S366s _1,Ccz1
O08547_Sec22b_Vesicle-trafficking protein SEC22b_S164s _0,Sec22b
Q9CU62_Smc1a_Structural maintenance of chromosomes protein 1A_S971s _0,Smc1a
E9QJT6_Papd5_Non-canonical poly(A) RNA polymerase PAPD5_S105s _0,Papd5
Q91WB4_Plekhf2_Pleckstrin homology domain-containing family F member 2_S226s _1,Plekhf2
A0A087WNV1_Agfg1_Arf-GAP domain and FG repeat-containing protein 1_T177t S181s _0,Agfg1
E0CYH7_Filip1l_Filamin A-interacting protein 1-like_S1049s _0,Filip1l
Q80TQ2_Cyld_Ubiquitin carboxyl-terminal hydrolase CYLD_S3s _0,Cyld
"A2AH75_Kif1b_Kinesin family member 1B, isoform CRA_a_S1138s _1",Kif1b
Q6P1G0_Heatr6_HEAT repeat-containing protein 6_S386s _1,Heatr6
Q8VEB3_D1Ertd622e_UNC119-binding protein C5orf30 homolog_S132s _0,D1Ertd622e
O35671_Itgb1bp1_Integrin beta-1-binding protein 1_S13s S14s _0,Itgb1bp1
A0A140T8I6_Epsti1_Epithelial stromal interaction 1 (Breast)_S39s _1,Epsti1
Q9ET54_Palld_Palladin_S901s _1,Palld
Q3TCJ1_Abraxas2_BRISC complex subunit Abraxas 2_S280s _1,Abraxas2
Q9JJY4_Ddx20_Probable ATP-dependent RNA helicase DDX20_S496s _1,Ddx20
Q99MU3_Adar_Double-stranded RNA-specific adenosine deaminase_S136s _0,Adar
Q3TS02_Acly_ATP-citrate synthase_S455s _1,Acly
Q9Z1M2_Irgm2_Immunity-related GTPase family M member 2_T188t _0,Irgm2
Q149C2_Traf3ip1_TRAF3-interacting protein 1_S409s _1,Traf3ip1
J3QPB5_Ndc1_Nucleoporin NDC1_M458m S473s _1,Ndc1
D3Z7B7_Vsir_V-type immunoglobulin domain-containing suppressor of T-cell activation_S180s _1,Vsir
Q20BD0_Hnrnpab_Heterogeneous nuclear ribonucleoprotein A/B_S247s _1,Hnrnpab
P49138_Mapkapk2_MAP kinase-activated protein kinase 2_T320t _1,Mapkapk2
Q9JIP4_Panx1_Pannexin-1_S394s _1,Panx1
Q6NZP2_Gpbp1l1_Vasculin-like protein 1_S76s _1,Gpbp1l1
Q9D074_Mgrn1_E3 ubiquitin-protein ligase MGRN1_S106s _0,Mgrn1
P15533_Trim30a_Tripartite motif-containing protein 30A_S262s _0,Trim30a
E9PV28_Lin54_Protein lin-54 homolog_T14t _1,Lin54
"Q8VIJ6_Sfpq_Splicing factor, proline- and glutamine-rich_S265s _1",Sfpq
Q8VEL2_Mtmr14_Myotubularin-related protein 14_T620t _0,Mtmr14
Q9Z0P4_Palm_Paralemmin-1_T141t T145t _2,Palm
Q9Z315_Sart1_U4/U6.U5 tri-snRNP-associated protein 1_S388s M396m _1,Sart1
Q9EQJ0_Tpcn1_Two pore calcium channel protein 1_S797s _1,Tpcn1
L8AZD2_Mtmr6_Myotubularin-related protein 6_S595s _1,Mtmr6
O88384_Vti1b_Vesicle transport through interaction with t-SNAREs homolog 1B_S145s _1,Vti1b
Q3TC46_Patl1_Protein PAT1 homolog 1_S278s _1,Patl1
Q3UH70_Brd4_Bromodomain-containing protein 4_S1154s _1,Brd4
E9Q5N9_Zfp395_Zinc finger protein 395_S446s _0,Zfp395
B9EKI5_Cblb_Casitas B-lineage lymphoma b_T479t S480s _0,Cblb
A0A0B4J1G2_AB124611_cDNA sequence AB124611_S211s S213s _0,AB124611
Q9JHU4_Dync1h1_Cytoplasmic dynein 1 heavy chain 1_S4366s _0,Dync1h1
P61406_Smg6_Telomerase-binding protein EST1A_S302s _1,Smg6
Q8C0E3_Trim47_Tripartite motif-containing protein 47_S591s _1,Trim47
Q6PGH2_Jpt2_Jupiter microtubule associated homolog 2_T76t _0,Jpt2
P47811-3_Mapk14_Isoform 3 of Mitogen-activated protein kinase 14_T180t _1,Mapk14
E9PX19_Mcph1_Microcephalin_S358s _0,Mcph1
A2A6U3_43717_Septin-9_S67s _0,Septin9
F8VQF9_Trappc10_Trafficking protein particle complex subunit 10_S707s S710s _0,Trappc10
D3Z5N6_Dpf2_Zinc finger protein ubi-d4_S142s _1,Dpf2
A2CG76_Ehmt2_Histone-lysine N-methyltransferase EHMT2_S287s _0,Ehmt2
Q3U148_Cables1_CDK5 and ABL1 enzyme substrate 1_S274s _1,Cables1
"D3YWS8_Leng8_Leukocyte receptor cluster (LRC) member 8, isoform CRA_a_S398s _1",Leng8
Q99L00_Haus8_HAUS augmin-like complex subunit 8_S111s _1,Haus8
P97825_JPT1_Jupiter microtubule associated homolog 1_S88s _0,JPT1
Q9WV55_Vapa_Vesicle-associated membrane protein-associated protein A_S209s _1,Vapa
F8WGW3_Srbd1_S1 RNA-binding domain-containing protein 1_S168s _0,Srbd1
Q8R5A6_Tbc1d22a_TBC1 domain family member 22A_S110s _1,Tbc1d22a
P23198_Cbx3_Chromobox protein homolog 3_S97s _1,Cbx3
Q5D1E7_Zc3h12a_Endoribonuclease ZC3H12A_S368s _1,Zc3h12a
P47757_Capzb_F-actin-capping protein subunit beta_S263s _1,Capzb
F8WIA0_Ino80c_INO80 complex subunit C_S47s _0,Ino80c
Q9WUM4_Coro1c_Coronin-1C_S434s _1,Coro1c
A0A1D5RLI7_Capn15_Calpain-15_S243s _1,Capn15
Q8BMC0_Lpar6_Lysophosphatidic acid receptor 6_S317s _1,Lpar6
E9PYW4_Rnf168_E3 ubiquitin-protein ligase RNF168_S72s _1,Rnf168
P26955_Csf2rb_Cytokine receptor common subunit beta_S790s _0,Csf2rb
B2RXS3_Scaper_S phase cyclin A-associated protein in the ER_S10s _1,Scaper
Q91ZX6_Senp2_Sentrin-specific protease 2_T35t _0,Senp2
E9Q652_Rgs12_Regulator of G-protein-signaling 12_S454s _0,Rgs12
A2AVR6_Acot11_Acyl-coenzyme A thioesterase 11_S45s M57m _1,Acot11
"A2A4P3_Gm27029_Predicted gene, 27029_S201s _1",Gm27029
Q01147_Creb1_Cyclic AMP-responsive element-binding protein 1_T100t _0,Creb1
Q91XS1_Mtmr4_Myotubularin-related protein 4_S8s _1,Mtmr4
Q7TMI3_Uhrf2_E3 ubiquitin-protein ligase UHRF2_T685t _0,Uhrf2
E9Q855_Scamp3_Secretory carrier-associated membrane protein_S87s _0,Scamp3
Q7TS72_Itpkc_Inositol-trisphosphate 3-kinase C_T330t _1,Itpkc
Q8C156_Ncaph_Condensin complex subunit 2_S189s _1,Ncaph
O55188_Dmp1_Dentin matrix acidic phosphoprotein 1_S249s _0,Dmp1
A0A1Y7VLJ5_Gpr137b_Integral membrane protein GPR137B_S382s _0,Gpr137b
P70372_Elavl1_ELAV-like protein 1_S202s _1,Elavl1
Q3U1C4_Secisbp2_MCG1271_S211s _0,Secisbp2
Q8C341_Suco_SUN domain-containing ossification factor_S1077s _1,Suco
Q9DBX1_Rgcc_Regulator of cell cycle RGCC_T99t _0,Rgcc
B1AUF1_Ski_Ski oncogene_S382s _1,Ski
Q60795_Nfe2l2_Nuclear factor erythroid 2-related factor 2_S425s _1,Nfe2l2
A2AJH3_Nmt2_Glycylpeptide N-tetradecanoyltransferase_S72s _1,Nmt2
A2APF7_Zbp1_Z-DNA-binding protein 1_M378m S384s _0,Zbp1
Q61990_Pcbp2_Poly(rC)-binding protein 2_M254m S268s _0,Pcbp2
A2AJK6_Chd7_Chromodomain-helicase-DNA-binding protein 7_S626s _1,Chd7
E9Q6L5_Atrip_ATR-interacting protein_S102s _1,Atrip
Q9JLI8_Sart3_Squamous cell carcinoma antigen recognized by T-cells 3_S651s M660m _1,Sart3
A6H6A9_Rabgap1l_Rab GTPase-activating protein 1-like_S449s _0,Rabgap1l
Q8CBE3_Wdr37_WD repeat-containing protein 37_S30s _0,Wdr37
P70188_Kifap3_Kinesin-associated protein 3_S60s _1,Kifap3
Q8C0E2_Vps26b_Vacuolar protein sorting-associated protein 26B_S302s _1,Vps26b
Q61666_Hira_Protein HIRA_M538m S550s _0,Hira
Q9Z103_Adnp_Activity-dependent neuroprotector homeobox protein_S408s _1,Adnp
Q91YX0_Themis2_Protein THEMIS2_Y608y _1,Themis2
B0QZP7_Tmc8_Transmembrane channel-like protein_S663s _1,Tmc8
Q61081_Cdc37_Hsp90 co-chaperone Cdc37_M113m S121s _0,Cdc37
Q8BSK8_Rps6kb1_Ribosomal protein S6 kinase beta-1_S427s _1,Rps6kb1
Q9Z1M4_Rps6kb2_Ribosomal protein S6 kinase beta-2_T420t _1,Rps6kb2
Q9Z1Q5_Clic1_Chloride intracellular channel protein 1_S211s _1,Clic1
A0A286YDW9_Atxn7_Ataxin-7_T634t _0,Atxn7
B2RQ71_Dip2c_Dip2c protein_S89s _1,Dip2c
Q9QZE5_Copg1_Coatomer subunit gamma-1_T584t M586m _0,Copg1
"F6U5V1_Larp1b_La ribonucleoprotein domain family, member 1B_S96s _0",Larp1b
E0CZ72_Kif2a_Kinesin-like protein_T96t _1,Kif2a
A0A0U1RNJ1_Fasn_Fatty acid synthase_S980s _0,Fasn
A0A1D5RMA4_Slc7a6_Y+L amino acid transporter 2_M1m S8s _1,Slc7a6
Q8R2M0_Tceanc2_Transcription elongation factor A N-terminal and central domain-containing protein 2_S14s _1,Tceanc2
A0A1D5RMI8_Alms1_Alstrom syndrome protein 1 homolog_S1473s _1,Alms1
A2ARP8_Map1a_Microtubule-associated protein 1A_T742t _1,Map1a
B1AY10_Nfx1_Transcriptional repressor NF-X1_S81s _1,Nfx1
A2RSY1_Kansl3_KAT8 regulatory NSL complex subunit 3_S525s _0,Kansl3
Q9ES57_Cd200r1_Cell surface glycoprotein CD200 receptor 1_M283m S288s _1,Cd200r1
A0A087WPB2_Mdfic_MyoD family inhibitor domain-containing protein_S141s _1,Mdfic
Q8R1F1_Fam129b_Niban-like protein 1_M627m S647s _1,Fam129b
Q9D8Y8_Ing5_Inhibitor of growth protein 5_S148s _1,Ing5
Q7TQE6_Tmem57_Macoilin_T306t _0,Tmem57
O70310_Nmt1_Glycylpeptide N-tetradecanoyltransferase 1_T319t _1,Nmt1
Q07174_Map3k8_Mitogen-activated protein kinase kinase kinase 8_S141s _1,Map3k8
Q02248_Ctnnb1_Catenin beta-1_S552s M553m _0,Ctnnb1
Q9R059_Fhl3_Four and a half LIM domains protein 3_S247s _1,Fhl3
P63085_Mapk1_Mitogen-activated protein kinase 1_T183t _1,Mapk1
Q8BIJ7_Rufy1_RUN and FYVE domain-containing protein 1_S52s _1,Rufy1
O54918_Bcl2l11_Bcl-2-like protein 11_S90s _1,Bcl2l11
Q80WQ2_Vac14_Protein VAC14 homolog_T11t _1,Vac14
Q7TPM9_Mtmr10_Myotubularin-related protein 10_S577s _0,Mtmr10
P47963_Rpl13_60S ribosomal protein L13_S77s _1,Rpl13
Q9D1J1_Necap2_Adaptin ear-binding coat-associated protein 2_T174t _1,Necap2
A2API8_Akap2_A-kinase anchor protein 2_S781s _1,Akap2
Q6IRU2_Tpm4_Tropomyosin alpha-4 chain_S170s _1,Tpm4
"D3Z7W0_Iscu_Iron-sulfur cluster assembly enzyme ISCU, mitochondrial_Y44y _1",Iscu
H7BX22_Ranbp1_Ran-specific GTPase-activating protein_S10s _1,Ranbp1
P80314_Cct2_T-complex protein 1 subunit beta_S3s _1,Cct2
D6RFE2_Rnf31_E3 ubiquitin-protein ligase RNF31_S444s _0,Rnf31
Q62446_Fkbp3_Peptidyl-prolyl cis-trans isomerase FKBP3_T103t _1,Fkbp3
Q8BVY0_Rsl1d1_Ribosomal L1 domain-containing protein 1_S326s _1,Rsl1d1
Q61152_Ptpn18_Tyrosine-protein phosphatase non-receptor type 18_S341s _1,Ptpn18
Q8CE64_Znf276_Zinc finger protein 276_T603t _0,Znf276
Q62311_Taf6_Transcription initiation factor TFIID subunit 6_S532s _1,Taf6
Q8BMI0_Fbxo38_F-box only protein 38_S890s _0,Fbxo38
Q76KJ5_Cd3eap_DNA-directed RNA polymerase I subunit RPA34_S170s _0,Cd3eap
Q811S7_Ubp1_Upstream-binding protein 1_S54s _1,Ubp1
M0QWE5_Slc35a5_Probable UDP-sugar transporter protein SLC35A5_S122s _0,Slc35a5
A2ADE0_Plekhm2_Pleckstrin homology domain-containing family M member 2_S313s _1,Plekhm2
Q8VE99_Ccdc115_Coiled-coil domain-containing protein 115_T90t _1,Ccdc115
Q9D823_Rpl37_60S ribosomal protein L37_S50s _1,Rpl37
E9Q839_Slf2_SMC5-SMC6 complex localization factor protein 2_S320s _0,Slf2
Q8BGG7_Ubash3b_Ubiquitin-associated and SH3 domain-containing protein B_S9s _1,Ubash3b
O55176_Pja1_E3 ubiquitin-protein ligase Praja-1_S175s _1,Pja1
"Q9Z329_Itpr2_Inositol 1,4,5-trisphosphate receptor type 2_S1856s _0",Itpr2
A2AGS2_Map2k6_Dual-specificity mitogen-activated protein kinase kinase 6_T28t _0,Map2k6
Q8C4Q9_Tmem154_Transmembrane protein 154_Q106q S113s _0,Tmem154
Q6ZQH8_Nup188_Nucleoporin NUP188 homolog_S1719s _0,Nup188
Q9D7Y9_Slx4ip_Protein SLX4IP_S309s _1,Slx4ip
E9Q4T4_Ccdc71l_Coiled-coil domain-containing 71-like_S84s _1,Ccdc71l
"P16330_Cnp_2',3'-cyclic-nucleotide 3'-phosphodiesterase_S22s _1",Cnp
E9QLQ3_Pde3b_Phosphodiesterase_S536s _0,Pde3b
A2AFF6_Stag2_Cohesin subunit SA-2_T1112t M1115m M1116m M1126m _1,Stag2
E9PXW3_Ttc14_Tetratricopeptide repeat protein 14_S570s _1,Ttc14
Q8BJF9_Chmp2b_Charged multivesicular body protein 2b_S187s _1,Chmp2b
Q3TKY6_Cwc27_Peptidyl-prolyl cis-trans isomerase CWC27 homolog_S231s _0,Cwc27
Q99K85_Psat1_Phosphoserine aminotransferase_S20s _1,Psat1
P47878_Igfbp3_Insulin-like growth factor-binding protein 3_T198t _0,Igfbp3
Q99JZ7_Errfi1_ERBB receptor feedback inhibitor 1_S368s _0,Errfi1
Q8BLB7_L3mbtl3_Lethal(3)malignant brain tumor-like protein 3_S217s _1,L3mbtl3
A2AA59_Jade2_E3 ubiquitin-protein ligase Jade-2_M116m S120s _0,Jade2
Q9CQJ7_Pttg1_Securin_S100s _0,Pttg1
Q9Z131_Sh3bp5_SH3 domain-binding protein 5_S10s _0,Sh3bp5
Q8BFX3_Kctd3_BTB/POZ domain-containing protein KCTD3_S712s _1,Kctd3
A0A0R4J159_Mbd1_Methyl-CpG-binding domain protein 1_S392s _0,Mbd1
Q8CI75_Dis3l2_DIS3-like exonuclease 2_S12s _1,Dis3l2
Q3UUG6_Tbc1d24_TBC1 domain family member 24_S322s _0,Tbc1d24
E9PUU4_Gemin5_Gem-associated protein 5_S1414s _1,Gemin5
Q99JF5_Mvd_Diphosphomevalonate decarboxylase_T97t _0,Mvd
D3YW42_Ccdc9_Coiled-coil domain-containing protein 9_S361s _1,Ccdc9
A2A8U2_Tmem201_Transmembrane protein 201_S454s _1,Tmem201
D3Z2B4_Xpr1_Xenotropic and polytropic retrovirus receptor 1_S610s _0,Xpr1
"Q8BY35_Fgd2_FYVE, RhoGEF and PH domain-containing protein 2_S74s _0",Fgd2
B1AX39_Zcchc7_Zinc finger CCHC domain-containing protein 7_T518t _0,Zcchc7
Q99MD6_Txnrd3_Thioredoxin reductase 3_S16s _1,Txnrd3
Q80T69_Rsbn1_Lysine-specific demethylase 9_S554s _1,Rsbn1
Q68ED7_Crtc1_CREB-regulated transcription coactivator 1_S113s _1,Crtc1
A2AKD7_Snta1_Alpha-1-syntrophin_S183s _1,Snta1
Q0KL01_Ubxn2b_UBX domain-containing protein 2B_S235s _0,Ubxn2b
"Q6P9N8_Trak2_Trafficking protein, kinesin-binding 2_S729s _1",Trak2
"A0A140LJF0_Map4k1_Mitogen activated protein kinase kinase kinase kinase 1, isoform CRA_a_S419s _1",Map4k1
E9Q1I3_Zc3h12c_Probable ribonuclease ZC3H12C_S762s _1,Zc3h12c
P58468_Fam207a_Protein FAM207A_S38s _1,Fam207a
E9PUE3_Ece2_Endothelin-converting enzyme 2_T6t _1,Ece2
Q9JJC6_Rilpl1_RILP-like protein 1_S349s _1,Rilpl1
O08750_Nfil3_Nuclear factor interleukin-3-regulated protein_S301s _1,Nfil3
Q5RJH6_Smg7_Protein SMG7_S848s _1,Smg7
G3UYQ3_Ptdss2_Phosphatidylserine synthase 2_S16s _1,Ptdss2
A0A1B0GS70_Psma1_Proteasome endopeptidase complex_S222s _1,Psma1
Q8VED8_Mtfr2_Mitochondrial fission regulator 2_S304s _1,Mtfr2
Q64152_Btf3_Transcription factor BTF3_M144m S156s _1,Btf3
Q8CGC7_Eprs_Bifunctional glutamate/proline--tRNA ligase_S944s _1,Eprs
A0A1L1SRA5_Hmg20a_High mobility group protein 20A_S104s _1,Hmg20a
O35955_Psmb10_Proteasome subunit beta type-10_S22s _1,Psmb10
Q99JA4_Cysltr1_Cysteinyl leukotriene receptor 1_S341s _1,Cysltr1
B1AZ14_Cobll1_Cordon-bleu protein-like 1_S334s _1,Cobll1
E9PYG6_Rasa1_RAS p21 protein activator 1_T453t _1,Rasa1
Q8BGF7_Pan2_PAN2-PAN3 deadenylation complex catalytic subunit Pan2_S1188s _0,Pan2
Q3UML2_Spata2_Spermatogenesis-associated 2_S265s _0,Spata2
Q9D8S9_Bola1_BolA-like protein 1_S81s _1,Bola1
Q61712_Dnajc1_DnaJ homolog subfamily C member 1_S379s _0,Dnajc1
Q9QXE2_Poll_DNA polymerase lambda_S16s _1,Poll
Q80ZJ8_Cracr2b_EF-hand calcium-binding domain-containing protein 4A_S387s _1,Cracr2b
Q6PAJ1_Bcr_Breakpoint cluster region protein_S303s _0,Bcr
Q8CIF6_Sidt2_SID1 transmembrane family member 2_M402m T412t _0,Sidt2
O54692_Zw10_Centromere/kinetochore protein zw10 homolog_S438s _1,Zw10
Q8K1E6_Alkbh3_Alpha-ketoglutarate-dependent dioxygenase alkB homolog 3_S35s _0,Alkbh3
Q8BG87_Tet3_Methylcytosine dioxygenase TET3_T667t _0,Tet3
A2APB8_Tpx2_Targeting protein for Xklp2_S486s _1,Tpx2
Q6GTE9_Nek4_NIMA (Never in mitosis gene a)-related expressed kinase 4_S584s _1,Nek4
Q8CE90-7_Map2k7_Isoform 7 of Dual specificity mitogen-activated protein kinase kinase 7_S77s _1,Map2k7
Q6PD03_Ppp2r5a_Serine/threonine-protein phosphatase 2A 56 kDa regulatory subunit alpha isoform_S46s _0,Ppp2r5a
P33174_Kif4_Chromosome-associated kinesin KIF4_S802s _1,Kif4
Q3UDW8_Hgsnat_Heparan-alpha-glucosaminide N-acetyltransferase_S238s _1,Hgsnat
O35450_Fkbpl_FK506-binding protein-like_S38s _1,Fkbpl
A0A0A0MQ87_Sos2_Son of sevenless homolog 2_S1315s _1,Sos2
"G5E8T6_Magi3_Membrane associated guanylate kinase, WW and PDZ domain containing 3, isoform CRA_a_S833s _0",Magi3
P97471_Smad4_Mothers against decapentaplegic homolog 4_S138s M155m _1,Smad4
B1AUB9_Nfia_Nuclear factor 1_S248s _0,Nfia
Q9ER80_Rtp4_Receptor-transporting protein 4_S141s _1,Rtp4
Q61827_Mafk_Transcription factor MafK_T127t _1,Mafk
Q99P88_Nup155_Nuclear pore complex protein Nup155_S992s _1,Nup155
Q8VCV2_Ndrg3_Ndrg3 protein_T342t T345t _0,Ndrg3
"A0A0A6YY64_Pfkfb3_6-phosphofructo-2-kinase/fructose-2,6-biphosphatase 3_T443t _0",Pfkfb3
J3QN46_Rpain_RPA-interacting protein_T51t _1,Rpain
"A2AN61_Ciz1_CDKN1A interacting zinc finger protein 1, isoform CRA_d_S806s _1",Ciz1
A0A0R4J140_Cluh_Clustered mitochondria protein homolog_S1338s _1,Cluh
Q9WVH3_Foxo4_Forkhead box protein O4_S197s _1,Foxo4
A0A1W2P701_Snx6_Sorting nexin-6_S78s _1,Snx6
Q99KG7_Hps4_Hermansky-Pudlak syndrome 4 protein homolog_S475s _1,Hps4
A0A0N4SW56_Aldh1l1_Cytosolic 10-formyltetrahydrofolate dehydrogenase_S309s _1,Aldh1l1
Q3UI33_Metap2_Methionine aminopeptidase 2_T112t _0,Metap2
Q3TVI8_Pbxip1_Pre-B-cell leukemia transcription factor-interacting protein 1_S166s _0,Pbxip1
Q60769_Tnfaip3_Tumor necrosis factor alpha-induced protein 3_S730s _1,Tnfaip3
Q80V24_Vgll4_Transcription cofactor vestigial-like protein 4_S58s _1,Vgll4
P33609_Pola1_DNA polymerase alpha catalytic subunit_T225t _1,Pola1
Q9WUM3_Coro1b_Coronin-1B_S413s _1,Coro1b
Q8BUV6_Lsm11_U7 snRNA-associated Sm-like protein LSm11_S15s _1,Lsm11
Q6A085_Znf629_Zinc finger protein 629_S657s _1,Znf629
P97480_Eya3_Eyes absent homolog 3_S199s _1,Eya3
Q61771_Kif3b_Kinesin-like protein KIF3B_S681s _1,Kif3b
O54790_Mafg_Transcription factor MafG_S124s _1,Mafg
J3QM95_Fsd1l_FSD1-like protein_S315s _1,Fsd1l
Q9EPK2_Rp2_Protein XRP2_S25s _1,Rp2
A0A1N9NPH8_Cep295_Centrosomal protein of 295 kDa_S762s _0,Cep295
F6QL70_Gm17669_60S ribosomal protein L29_S138s _1,Gm17669
Q9CS74_Ecd_Protein ecdysoneless homolog_S436s _1,Ecd
E9Q6I9_Tmem40_Transmembrane protein 40_S106s _0,Tmem40
Q8K2W6_Phf13_PHD finger protein 13_S123s _1,Phf13
P54843-3_Maf_Isoform 3 of Transcription factor Maf_M1m M7m S15s M19m M28m _0,Maf
A0A0N4SVL4_Mindy4_Probable ubiquitin carboxyl-terminal hydrolase MINDY-4_S308s _1,Mindy4
Q99LE6_Abcf2_ATP-binding cassette sub-family F member 2_S354s _1,Abcf2
"P70227_Itpr3_Inositol 1,4,5-trisphosphate receptor type 3_S1832s _0",Itpr3
A2AED8_Spata6_Spermatogenesis-associated protein 6_S307s _1,Spata6
Q9D483_Polr3c_DNA-directed RNA polymerase III subunit RPC3_S205s _1,Polr3c
Q99LB0_Dnttip1_Deoxynucleotidyltransferase terminal-interacting protein 1_S160s _1,Dnttip1
P41971_Elk3_ETS domain-containing protein Elk-3_S398s _1,Elk3
Q9R0C8_Vav3_Guanine nucleotide exchange factor VAV3_S786s _1,Vav3
P10922_H1f0_Histone H1.0_S92s _1,H1f0
Q9R1Q6_Tmem176b_Transmembrane protein 176B_S253s _1,Tmem176b
Q8C7U1_N4bp3_NEDD4-binding protein 3_S172s _1,N4bp3
A0A286YDT6_Btrc_F-box/WD repeat-containing protein 1A_S28s _0,Btrc
A0A0R4J1A6_Gas2l3_GAS2-like protein 3_S380s _0,Gas2l3
O55187_Cbx4_E3 SUMO-protein ligase CBX4_S291s _1,Cbx4
Q8C8R3_Ank2_Ankyrin-2_S3850s _1,Ank2
P08226_Apoe_Apolipoprotein E_M135m S139s _1,Apoe
A0A0R4J0K2_Ckap5_Cytoskeleton-associated protein 5_T1863t _0,Ckap5
P35585_Ap1m1_AP-1 complex subunit mu-1_T223t _1,Ap1m1
Q9WUL7_Arl3_ADP-ribosylation factor-like protein 3_T48t _0,Arl3
Q641K5_Nuak1_NUAK family SNF1-like kinase 1_S446s _0,Nuak1
A0A0U1RPM3_Rabac1_PRA1 family protein_T82t _1,Rabac1
Q8BGV8_Mief1_Mitochondrial dynamics protein MID51_S55s _1,Mief1
B2RWW0_Tagap_T-cell activation Rho GTPase-activating protein_S523s _0,Tagap
Q8K3G9_Appl2_DCC-interacting protein 13-beta_T399t _1,Appl2
A0A087WQS2_Bzw1_Basic leucine zipper and W2 domain-containing protein 1_S242s _1,Bzw1
Q9CQB2_Mcrip2_MAPK regulated corepressor interacting protein 2_S82s _0,Mcrip2
E9Q3A0_Trim36_E3 ubiquitin-protein ligase Trim36_S267s M273m _1,Trim36
Q7M6X2_Zfp874b_Regulator of sex-limitation candidate 16_S299s _1,Zfp874b
A0A0R4J098_Zfp326_Zinc finger protein 326_S118s _1,Zfp326
Q9D9Z5_Dda1_DET1- and DDB1-associated protein 1_S33s _1,Dda1
P97390_Vps45_Vacuolar protein sorting-associated protein 45_S560s _0,Vps45
Q6NSV7_Fam149b1_Protein FAM149B1_S163s _1,Fam149b1
A0A087WP78_Neurl3_E3 ubiquitin-protein ligase NEURL3_S19s _1,Neurl3
Q9Z1L3_Dedd_Death effector domain-containing protein_S182s _0,Dedd
O88630_Gosr1_Golgi SNAP receptor complex member 1_S52s _1,Gosr1
P56960_Exosc10_Exosome component 10_S787s _0,Exosc10
"A0A1W2P7K2_Asf1a_ASF1 anti-silencing function 1 homolog A (S. cerevisiae), isoform CRA_a_S96s _0",Asf1a
Q8K190_Saysd1_SAYSvFN domain-containing protein 1_S16s _1,Saysd1
A2AQ25_Skt_Sickle tail protein_S1905s _0,Skt
Q9JM13_Rabgef1_Rab5 GDP/GTP exchange factor_S124s _0,Rabgef1
Q60865_Caprin1_Caprin-1_S304s _1,Caprin1
Q9QZB7_Actr10_Actin-related protein 10_T415t _0,Actr10
O35130_Emg1_Ribosomal RNA small subunit methyltransferase NEP1_S16s _1,Emg1
Q8BMC4_Nop9_Nucleolar protein 9_S58s _1,Nop9
Q9CQS4_Slc25a46_Solute carrier family 25 member 46_T45t _0,Slc25a46
A2A547_Rpl19_Ribosomal protein L19_S10s _0,Rpl19
"E9PWH2_Card6_Caspase recruitment domain family, member 6_S809s _1",Card6
Q810S7_Cog1_Cog1 protein_S380s _0,Cog1
Q3USX5_Irak4_Interleukin-1 receptor-associated kinase 4_T133t M136m M138m _1,Irak4
A0A0R4J108_Homez_Homeobox and leucine zipper protein Homez_S294s _1,Homez
Q9QYG0_Ndrg2_Protein NDRG2_S332s _1,Ndrg2
A0A0R4J298_Eif2d_Eukaryotic translation initiation factor 2D_S211s _1,Eif2d
Q6PEM8_Slc46a1_Proton-coupled folate transporter_S458s _1,Slc46a1
O35623_Bet1_BET1 homolog_S50s _0,Bet1
Q6P5F9_Xpo1_Exportin-1_S391s _1,Xpo1
Q9JJR5_Akip1_A-kinase-interacting protein 1_S41s _1,Akip1
O35709_Enc1_Ectoderm-neural cortex protein 1_S17s _0,Enc1
Q9CWT6_Ddx28_Probable ATP-dependent RNA helicase DDX28_S524s _1,Ddx28
A0A140LHX5_Unc13b_Protein unc-13 homolog B_M13m S20s S21s S23s _0,Unc13b
F6Y616_Paip1_Polyadenylate-binding protein-interacting protein 1_S47s _1,Paip1
E9QNR7_Zc3h12d_Probable ribonuclease ZC3H12D_T311t _0,Zc3h12d
Q99KX1_Mlf2_Myeloid leukemia factor 2_S237s _1,Mlf2
A2AHG2_Phf21a_PHD finger protein 21A_T141t _1,Phf21a
Q8BYK6_Ythdf3_YTH domain-containing family protein 3_S186s _0,Ythdf3
Q810J8_Zfyve1_Zinc finger FYVE domain-containing protein 1_S129s _1,Zfyve1
D6RGB4_Cntrob_Centrobin_S81s _1,Cntrob
O70309_Itgb5_Integrin beta-5_S770s _1,Itgb5
A2AVJ5_Prr5l_Proline-rich protein 5-like_S28s _1,Prr5l
Q9CZU3_Skiv2l2_Superkiller viralicidic activity 2-like 2_S54s _0,Skiv2l2
Q8BND4_Ints6l_Integrator complex subunit 6-like_S626s _1,Ints6l
Q920Q8_Ivns1abp_Influenza virus NS1A-binding protein homolog_S326s _0,Ivns1abp
Q9D6U8_Fam162a_Protein FAM162A_S132s _1,Fam162a
"A3KGF7_Plcb2_1-phosphatidylinositol 4,5-bisphosphate phosphodiesterase beta-2_S472s _1",Plcb2
Q8BRG6_Klhl24_Kelch-like protein 24_S19s _1,Klhl24
O70172_Pip4k2a_Phosphatidylinositol 5-phosphate 4-kinase type-2 alpha_T3t _1,Pip4k2a
H3BKF3_Pan3_PAN2-PAN3 deadenylation complex subunit PAN3_T353t _0,Pan3
Q8R409_Hexim1_Protein HEXIM1_S52s _1,Hexim1
P40223_Csf3r_Granulocyte colony-stimulating factor receptor_T774t _0,Csf3r
Q07243_Mtf1_Metal regulatory transcription factor 1_S304s _1,Mtf1
Q9CPR8_Nsmce3_Non-structural maintenance of chromosomes element 3 homolog_S45s _1,Nsmce3
Q8VCE9_Plekhh3_Pleckstrin homology domain-containing family H member 3_S56s _1,Plekhh3
Q9Z1G3_Atp6v1c1_V-type proton ATPase subunit C 1_S165s _1,Atp6v1c1
A0A0R4J0Q9_Cog7_Conserved oligomeric Golgi complex subunit 7_S506s _1,Cog7
Q9QWV9_Ccnt1_Cyclin-T1_S494s _1,Ccnt1
Q8C827_Zfp62_Zinc finger protein 62_S881s _1,Zfp62
Q8BHN1_Txlng_Gamma-taxilin_S86s _1,Txlng
P43120_Hhex_Hematopoietically-expressed homeobox protein Hhex_S54s _1,Hhex
Q8CFI7_Polr2b_DNA-directed RNA polymerase II subunit RPB2_S763s _1,Polr2b
Q5DU41_Lrrc8b_Volume-regulated anion channel subunit LRRC8B_S196s _0,Lrrc8b
Q8C547_Heatr5b_HEAT repeat-containing protein 5B_M1734m S1737s _1,Heatr5b
Q9CX86_Hnrnpa0_Heterogeneous nuclear ribonucleoprotein A0_S88s _1,Hnrnpa0
Q3TCU5_Tapbp_Tapasin_S455s _1,Tapbp
"B9EJX5_Taf2_TAF2 RNA polymerase II, TATA box binding protein (TBP)-associated factor_S1184s _1",Taf2
E9Q0R3_Tubgcp3_Gamma-tubulin complex component_T214t _0,Tubgcp3
Q9QYH6_Maged1_Melanoma-associated antigen D1_S264s _1,Maged1
P11688_Itga5_Integrin alpha-5_S1051s _1,Itga5
Q9ERU3_Znf22_Zinc finger protein 22_S41s _1,Znf22
Q3V1K7_Slco2b1_Solute carrier organic anion transporter family member_S31s _1,Slco2b1
P97875_Jdp2_Jun dimerization protein 2_T148t _1,Jdp2
Q6PIX5_Rhbdf1_Inactive rhomboid protein 1_S347s _1,Rhbdf1
"B1B1A8_Mylk_Myosin light chain kinase, smooth muscle_S1810s _0",Mylk
G3X9Z3_Tmem219_Insulin-like growth factor-binding protein 3 receptor_S12s _1,Tmem219
A0A1Y7VK42_Dtnbp1_Dysbindin_S11s _1,Dtnbp1
B1AT03_Lig3_DNA ligase_S211s _0,Lig3
B1AQZ2_Kif3a_Kinesin-like protein_S713s _1,Kif3a
A0A0G2JEV0_Cenpa_Histone H3-like centromeric protein A_S16s _0,Cenpa
F8VPT6_Evi5_Ecotropic viral integration site 5 protein_S689s _0,Evi5
E9Q971_Ccdc130_Coiled-coil domain-containing protein 130_S40s _1,Ccdc130
Q8BG46_Ankrd10_Ankyrin repeat domain-containing protein 10_S232s M237m _1,Ankrd10
Q3TWI9_Tmem63b_CSC1-like protein 2_S111s _0,Tmem63b
Q91VU6_Dcaf11_DDB1- and CUL4-associated factor 11_S147s _1,Dcaf11
E9Q4T1_Arhgap19_Rho GTPase-activating protein 19_S422s _0,Arhgap19
Q3UP24_Nlrc4_NLR family CARD domain-containing protein 4_S533s _1,Nlrc4
A0A0G2JEA2_Dcun1d1_DCN1-like protein_M16m S22s _0,Dcun1d1
E9Q1B0_Sgk1_Serine/threonine-protein kinase Sgk1_S383s _0,Sgk1
Q9D8X2_Ccdc124_Coiled-coil domain-containing protein 124_S136s _1,Ccdc124
Q5Y5T2_Zdhhc18_Palmitoyltransferase ZDHHC18_S45s _1,Zdhhc18
O54927_Wsb1_WD repeat and SOCS box-containing protein 1_S91s _1,Wsb1
"B1AUN2_Eif2b3_Eukaryotic translation initiation factor 2B, subunit 3_S260s _1",Eif2b3
"Q61425_Hadh_Hydroxyacyl-coenzyme A dehydrogenase, mitochondrial_M12m S15s _0",Hadh
"D3YUN3_Tnni1_Troponin I, slow skeletal muscle_S4s _1",Tnni1
Q91YN0_D6Wsu163e_Protein C12orf4 homolog_S241s _1,D6Wsu163e
H3BJ38_Pde4dip_Myomegalin_S195s _0,Pde4dip
D3Z4T3_Psph_Phosphoserine phosphatase_S3s _1,Psph
A2ALB2_Rexo4_RNA exonuclease 4_S119s _0,Rexo4
Q8VEB2_Sav1_Protein salvador homolog 1_S95s _1,Sav1
Q99NH8_Trem2_Triggering receptor expressed on myeloid cells 2_T202t _1,Trem2
Q9ESX4_Zcchc17_Nucleolar protein of 40 kDa_S114s _1,Zcchc17
P31041_Cd28_T-cell-specific surface glycoprotein CD28_M190m M192m T193t _1,Cd28
Q9JHW4_Eefsec_Selenocysteine-specific elongation factor_T532t _1,Eefsec
Q9DCK4_Znf414_Zinc finger protein 414_S283s _0,Znf414
P51670_Ccl9_C-C motif chemokine 9_S34s _0,Ccl9
Q8BKN5_Tubgcp5_Gamma-tubulin complex component 5_S630s _1,Tubgcp5
Q4VAA7_Snx33_Sorting nexin-33_Q167q S169s _1,Snx33
A0A0R4J245_Ctla2b_Protein CTLA-2-beta_S28s _1,Ctla2b
A0A0R4J113_Myo7a_Unconventional myosin-VIIa_T1104t _1,Myo7a
E9QAP1_Zfp764_Zinc finger protein 764_S415s _0,Zfp764
Q91YE3_Egln1_Egl nine homolog 1_S131s _1,Egln1
Q69ZF8_Msl2_E3 ubiquitin-protein ligase MSL2_S345s _1,Msl2
P97313_Prkdc_DNA-dependent protein kinase catalytic subunit_S891s _1,Prkdc
P26011_Itgb7_Integrin beta-7_S798s _1,Itgb7
O88811_Stam2_Signal transducing adapter molecule 2_Y185y _1,Stam2
Q7TNF9_Fam117a_Protein FAM117A_S145s _0,Fam117a
Q8BTG3_Tcp11l1_T-complex protein 11-like protein 1_S55s _1,Tcp11l1
Q9D8Y7_Tnfaip8l2_Tumor necrosis factor alpha-induced protein 8-like protein 2_M1m S3s _1,Tnfaip8l2
O88509_Dnmt3b_DNA (cytosine-5)-methyltransferase 3B_S116s _1,Dnmt3b
Q3V0R7_Prr3_Proline-rich protein 3_S92s _1,Prr3
Q3U1Q3_Runx3_Runt-related transcription factor_T224t _0,Runx3
A0A1L1SR96_Ano8_Anoctamin_S1053s _1,Ano8
Q91WS7_Depdc7_DEP domain-containing protein 7_S152s _0,Depdc7
P01101_Fos_Proto-oncogene c-Fos_S122s _1,Fos
F8WIG8_Mfsd4a_Major facilitator superfamily domain-containing protein 4A_S8s _1,Mfsd4a
Q9D853_Eef1akmt2_EEF1A lysine methyltransferase 2_S219s _1,Eef1akmt2
P60670_Nploc4_Nuclear protein localization protein 4 homolog_S63s _1,Nploc4
"G5E8J3_Wdr11_Bromodomain and WD repeat domain containing 2, isoform CRA_a_S408s _0",Wdr11
"Q9DB30_Phkg2_Phosphorylase b kinase gamma catalytic chain, liver/testis isoform_S324s _1",Phkg2
